artifact;repository
javax.vecmath:vecmath;scm:svn:https://svn.java.net/svn/vecmath~svn
org.osgi:org.osgi.core;private
com.caucho:hessian;svn://svn.caucho.com/home/svn/svnroot/resin/trunk/modules/hessian
javax.el:el-api;svn+ssh://janey@svn.java.net/uel~svn/tags/uel-api-2.2.1-b04
org.mybatis:mybatis-ehcache;scm:svn:http://mybatis.googlecode.com/svn/sub-projects/caches/tags/mybatis-ehcache-1.0.0
net.stickycode.configured:sticky-configured-spring3;scm:svn:http://source.stickycode.net/tags/net.stickycode.configured/sticky-configured-spring3-5.10
uk.ac.cam.automation:seleniumframework;scm:git:git@gitlab.developers.cam.ac.uk:uis/qa/selenium-java-framework.git
ua.pp.fland.web:beans;scm:hg:http://tiny-license-server.googlecode.com/hg/
uk.org.subtrack:imaging;scm:svn:https://imageservlet.svn.sourceforge.net/svnroot/imageservlet/tags/imaging-1.1.0-beta2
org.jboss.microcontainer:jboss-dependency;scm:svn:https://svn.jboss.org/repos/jbossas/projects/microcontainer/tags/2.2.0.M2/dependency
net.sourceforge.winstone:winstone;:pserver:anonymous@winstone.cvs.sourceforge.net:/cvsroot/winstone
org.codelabor:codelabor-commons-calendar;scm:svn:https://codelabor.googlecode.com/svn/tags/codelabor-commons-calendar-1.0.0
top.netkit:toolkit;git:https://gitee.com/netkit/toolkit.git
top.jim-lee:locker-solon-plugin;scm:git:https://gitee.com/shotyou/locker-solon-plugin.git
org.osgi:org.osgi.compendium;private
site.peaklee.framework:spring-boot-netty-starter;git@https://gitee.com/lee_coding/spring-boot-netty-starter.git
se.vgregion.signer-service-schemas:signer-service-schemas-system;scm:svn:https://oppna-program-signing-service.googlecode.com/svn/signer-service-schemas/tags/signer-service-schemas-system-1.2
org.ztemplates:ztemplates; http://ztemplates.svn.sourceforge.net/svnroot/ztemplates/ztemplates/tags/ztemplates-2.4.0 
org.ztemplates:zclasspath; http://zclasspath.svn.sourceforge.net/svnroot/zclasspath/zclasspath/tags/zclasspath-1.6 
com.google.jsilver:jsilver;scm:svn:http://jsilver.googlecode.com/svn/tags/jsilver-1.0.0
org.xerial.maven:gwt-ant; scm:svn:http://www.xerial.org/svn/project/XerialJ/tags/maven-plugin/gwt-ant/gwt-ant-1.2.1 
org.bouncycastle:bc-fips;bcgit@git.bouncycastle.org:bc-fips-2.1.X-java.git
org.wso2.carbon.apim.migration.resources:org.wso2.carbon.apimgt.migrate.client;scm:svn:https://none
org.wiztools:cache-lib;scm:svn:https://cache-lib.googlecode.com/svn/cache-lib/tags/cache-lib-0.1.0
org.jcrom:jcrom;scm:svn:https://JCROM.googlecode.com/svn/tags/jcrom-2.2.0
org.wikimedia.gearman:gearman-java;scm:git:https://gerrit.wikimedia.org/r/p/integration/gearman-java
org.apache.felix:org.apache.felix.scr.ant;scm:svn:https://svn.apache.org/repos/asf/felix/releases/org.apache.felix.scr.ant-1.18.0
org.ujoframework:ujo-gxt-crud;scm:svn:https://ujorm.svn.sourceforge.net/svnroot/ujorm/trunk/project-m2/ujo-gxt-crud
org.unitils.compositetest:unitils-compositeTest;scm:svn:https://svn.code.sf.net/p/unitilscompositetest/code/unitils-compositeTest/tags/unitils-compositeTest-1.0.1
org.unitils.mail:unitils-mail;scm:svn:https://svn.code.sf.net/p/unitilsmail/code/tags/unitils-mail-1.0.2
org.unitils.selenium:unitils-selenium;scm:svn:https://svn.code.sf.net/p/unitilsselenium/code/tags/unitils-selenium-1.0.8
org.unitils.jodatime:unitils-jodatime;scm:svn:https://svn.code.sf.net/p/unitilsjodatime/code/tags/unitils-jodatime-1.0.3
org.unitils.cdi:unitils-cdi;scm:svn:https://svn.code.sf.net/p/unitils-cdi/code/tags/unitils-cdi-1.0.2
org.unitils.jbehave:unitils-jbehave;scm:svn:https://svn.code.sf.net/p/unitilsjbehave/code/tags/unitils-jbehave-1.0.2
org.ujoframework:ujo-gxt-core;scm:svn:https://ujorm.svn.sourceforge.net/svnroot/ujorm/trunk/project-m2/ujo-gxt-core
org.vectomatic:svgreal;scm:git:git://git/svgreal.git
org.unitils.soapui:unitils-soapui;scm:svn:https://svn.code.sf.net/p/unitilssoapui/code/tags/unitils-soapui-1.0.3
org.tinygroup:text2image;scm:svn:http://https://svn.code.sf.net/p/tinyorg/code/tags/tiny-0.0.12/trunk/opensource/text2image
org.tinygroup.annotation.0.0.12.tinygroup:container;scm:svn:http://https://svn.code.sf.net/p/tinyorg/code/tags/tiny-0.0.12/trunk/opensource/container
org.tinygroup:container;scm:svn:http://https://svn.code.sf.net/p/tinyorg/code/tags/tiny-0.0.12/trunk/opensource/container
org.tinygroup.annotation.0.0.12.tinygroup:tiny; https://svn.code.sf.net/p/tinyorg/code/tags/tiny-0.0.12 
org.lazyluke:log4jdbc-remix;scm:svn:https://log4jdbc-remix.googlecode.com/svn/tags/log4jdbc-remix-0.2.7
org.sapia:sapia_global;scm:svn:https://sapia.googlecode.com/svn/tags/sapia_global-1.8
org.sapia:sapia_utils_parent;scm:svn:https://sapia.googlecode.com/svn/tags/sapia_utils_parent-2.1
org.sapia:utils;scm:svn:https://sapia.googlecode.com/svn/branches/utils/utils-0.2
org.sapia:sapia_regis;scm:svn:https://sapia.googlecode.com/svn/trunk/tags/sapia_regis-3.1
org.sapia:sapia_corus_interop_parent;scm:svn:https://sapia.googlecode.com/svn/tags/sapia_corus_interop_parent-2.0
org.rribbit:rribbit;scm:svn:https://svn.rribbit.org
org.sapia:sapia_utils;scm:svn:https://sapia.googlecode.com/svn/tags/sapia_utils_parent-2.1
org.sapia:sapia_vlad;scm:svn:https://sapia.googlecode.com/svn/tags/sapia_vlad-2.0
org.sapia:sapia_site_parent;scm:svn:https://sapia.googlecode.com/svn/branches/tags/sapia_site_parent-1.12
org.sapia:sapia_resource;scm:svn:https://sapia.googlecode.com/svn/tags/sapia_resource-1.2
org.sapia:sapia_archie;scm:svn:https://sapia.googlecode.com/svn/branches/archie/sapia_archie-1.0.1
org.sapia:sapia_clazzy;scm:svn:https://sapia.googlecode.com/svn/branches/clazzy/sapia_clazzy-2.0
org.sapia:sapia_console;scm:svn:https://sapia.googlecode.com/svn/branches/console/sapia_console-1.4
org.sapia:sapia_qool;scm:svn:https://sapia.googlecode.com/svn/branches/qool/sapia_qool-1.3
org.sapia:sapia_ubik;scm:svn:https://sapia.googlecode.com/svn/tags/sapia_ubik-2.5.7
com.novell.ldap:jldap;git://git.openldap.org/openldap-jldap.git
org.reflexiveframework:reflexive;scm:svn:https://reflexive.svn.sourceforge.net/svnroot/reflexive/trunk
org.reddwarfserver.server:sgs-shared; https://svn.reddwarfserver.org/svnroot/reddwarf/sgs-shared/trunk 
org.restcomm.media.client.mgcp:mgcp-driver; http://mobicents.googlecode.com/svn/trunk/protocols/jain-mgcp/stack/ 
org.reddwarfserver.client:sgs-client-parent; https://svn.reddwarfserver.org/svnroot/reddwarf/sgs-java-client/trunk 
org.restcomm.media.client.mgcp:driver; http://mobicents.googlecode.com/svn/trunk/protocols/jain-mgcp/stack/ 
org.reddwarfserver.server:sgs-server-parent; https://svn.reddwarfserver.org/svnroot/reddwarf/sgs-server/trunk 
org.mobicents.media.client:mgcp-driver; http://mobicents.googlecode.com/svn/trunk/protocols/jain-mgcp/stack/ 
org.picocontainer.web:picocontainer-web;scm:svn:https://svn.codehaus.org/picocontainer/java/2.x/tags/picocontainer-web-2.5.1
org.ow2.petals:petals-jmx;scm:svn:https://svn.petalslink.org/svnroot/tags-legacy/petals/petals-jmx-1.10.1
org.ow2.petals:petals-bc-quartz;/tags/petals-bc-quartz-1.8.0
org.ow2.easywsdl:easywsdl-tool-java2wsdl;scm:svn:https://svn.petalslink.org/svnroot/tags/petals-root-parent-21.0.0
org.ow2.easywsdl:easywsdl-ext-sawsdl;scm:svn:https://svn.petalslink.org/svnroot/tags/petals-root-parent-21.0.0
org.ow2.petals:petals-cli-base-junit;scm:svn:https://svn.petalslink.org/svnroot/tags/petals-cli-base-junit-2.2.0
org.ow2.jasmine.jade.wrapper:JoramBundle; http://fisheye.easybeans.org/browse/JASMINe/jasmine/trunk/jasmine-jade/org.ow2.jasmine.jade.wrapper.joram 
org.ow2.petals:petals-sample-clock;scm:svn:https://svn.petalslink.org/svnroot/tags/petals-sample-clock-1.10.0
org.ow2.proactive:scheduling-scheduler-core; https://gforge.inria.fr/scm/viewvc.php/scheduling/trunk/?root=proactive 
org.ow2.petals:petals-components-sls-parent;scm:svn:https://svn.petalslink.org/svnroot/tags/petals-parent-20.2.2.2
org.owasp.esapi.contrib:esapi-spring-encryptedproperties;scm:svn:https://owasp-esapi-java.googlecode.com/svn/contrib/spring/encryptedproperties/esapi-spring-encryptedproperties/tags/esapi-spring-encryptedproperties-1.0.0
org.ow2.petals:petals-se-jsr181;scm:svn:https://svn.petalslink.org/svnroot/tags/petals-se-jsr181-1.6.0
org.ow2.petals:petals-se-jsr181-parent;scm:svn:https://svn.petalslink.org/svnroot/tags/petals-se-jsr181-parent-1.6.0
org.ow2.petals:petals-cli-base;scm:svn:https://svn.petalslink.org/svnroot/tags/petals-cli-base-1.2.0
org.ow2.petals:petals-se-jsr181-library;scm:svn:https://svn.petalslink.org/svnroot/tags/petals-se-jsr181-library-1.6.0
org.ow2.proactive:scheduling-common-core; https://gforge.inria.fr/scm/viewvc.php/scheduling/trunk/?root=proactive 
org.objectweb.fractal.fractalexplorer:fractal-explorer; http://svn.forge.objectweb.org/cgi-bin/viewcvs.cgi/fractal/trunk 
org.apache.felix:org.apache.felix.ipojo.arch;scm:svn:https://svn.apache.org/repos/asf/felix/releases/org.apache.felix.ipojo.arch-1.6.0
org.ops4j.peaberry.build:parent;scm:svn:https://peaberry.googlecode.com/svn/tags/1.3/parent
org.ops4j.pax:master;scm:svn:https://scm.ops4j.org/repos/ops4j/qa/pax/master-3.1.3
org.openxri:openxri; http://openxri.svn.sourceforge.net/viewvc/openxri/openxri4j/trunk/ 
com.googlecode.pojosr:de.kalpatec.pojosr.framework;scm:svn:https://pojosr.googlecode.com/svn/tags/de.kalpatec.pojosr.framework-0.2.1
org.ogema.external:org.apache.felix.useradmin;scm:svn:https://svn.apache.org/repos/asf/felix/releases/org.apache.felix.useradmin-1.0.3
org.ogema.external:org.apache.felix.useradmin.filestore;scm:svn:https://svn.apache.org/repos/asf/felix/releases/org.apache.felix.useradmin.filestore-1.0.2
org.onosproject:org.apache.felix.framework.security;scm:svn:https://svn.apache.org/repos/asf/felix/releases/org.apache.felix.framework.security-2.2.0
org.objectweb.fractal.cecilia:maven-archetype-cecilia-library;${scm.url}/cecilia/cecilia/cecilia/cecilia/cecilia/cecilia/cecilia/${project.artifactId}
org.nutz:jst;git://gitee.com/nutz/jst.git
org.objectweb.fractal.cecilia:cecilia;${scm.url}/cecilia/cecilia/cecilia/cecilia/cecilia/cecilia/cecilia/cecilia
org.objectweb.fractal.cecilia:cecilia-baselib;${scm.url}/cecilia/cecilia/cecilia/cecilia/cecilia/cecilia/cecilia/cecilia-baselib
org.objectweb.petals:petals-parent; http://svn.forge.objectweb.org/cgi-bin/viewcvs.cgi/petals/trunk/ 
org.objectweb.fractal.cecilia.toolchain:idl-parser;${scm.url}/cecilia/toolchain/cecilia/toolchain/cecilia/toolchain/cecilia/toolchain/cecilia/toolchain/cecilia/toolchain/cecilia/toolchain/idl-parser
org.objectweb.think.minus:st231;scm:svn:http://svn.mpcom.codex.cro.st.com/svnroot/mpcom/minus/tags/minus-1.0/minus/st231
org.objectweb.fractal.cecilia:maven-car-plugin;${scm.url}/cecilia/maven-plugins/cecilia/maven-plugins/cecilia/maven-plugins/cecilia/maven-plugins/cecilia/maven-plugins/cecilia/maven-plugins/cecilia/maven-plugins/${project.artifactId}
org.objectweb.think.minus:st200;scm:svn:http://svn.mpcom.codex.cro.st.com/svnroot/mpcom/minus/tags/minus-1.0/minus/st200
org.objectweb.fractal.cecilia:fractal-cecilia-api;${scm.url}/cecilia/cecilia/cecilia/cecilia/cecilia/cecilia/cecilia/fractal-cecilia-api
org.objectweb.think.minus:stm8010;scm:svn:http://svn.mpcom.codex.cro.st.com/svnroot/mpcom/minus/tags/minus-1.0/minus/stm8010
org.objectweb.think.minus:X;scm:svn:http://svn.mpcom.codex.cro.st.com/svnroot/mpcom/minus/tags/minus-1.0/minus/posix
org.objectweb.fractal.cecilia.toolchain:task-codegen;${scm.url}/cecilia/toolchain/cecilia/toolchain/cecilia/toolchain/cecilia/toolchain/cecilia/toolchain/cecilia/toolchain/cecilia/toolchain/task-codegen
org.nuiton:maven-license-plugin; http://www.nuiton.org/repositories/browse/maven-license-plugin/tags/maven-license-plugin-3.0 
org.objectweb.think.minus:generic;scm:svn:http://svn.mpcom.codex.cro.st.com/svnroot/mpcom/minus/tags/minus-1.0/minus/generic
org.objectweb.petals:petals-components; http://svn.forge.objectweb.org/cgi-bin/viewcvs.cgi/petals/trunk/ 
org.objectweb.think.minus:libc;scm:svn:http://svn.mpcom.codex.cro.st.com/svnroot/mpcom/minus/tags/minus-1.0/minus/libc
org.objectweb.think.minus:posix;scm:svn:http://svn.mpcom.codex.cro.st.com/svnroot/mpcom/minus/tags/minus-1.0/minus/posix
org.objectweb.think.minus:lxsimenv;scm:svn:http://svn.mpcom.codex.cro.st.com/svnroot/mpcom/minus/tags/minus-1.0/minus/lxsimenv
org.neo4j:neo4j-remote-graphdb;scm:svn:https://svn.neo4j.org/components/remote-graphdb/tags/0.9-1.3.M01
org.neo4j:neo4j-utils;scm:svn:https://svn.neo4j.org/components/utils/tags/1.3-1.3.M01
org.mybatis:mybatis-docbook;scm:svn:https://mybatis.googlecode.com/svn/sub-projects/mybatis-docbook/tags/1.0.0
org.mvnpm:atob;git://git.coolaj86.com/coolaj86/atob.js
org.mybatis.caches:mybatis-caches-parent;scm:svn:http://mybatis.googlecode.com/svn/sub-projects/mybatis-guice/tags/1.0.0-RC1
org.mvnpm:btoa;git://git.coolaj86.com/coolaj86/btoa.js
org.mybatis:mybatis-hazelcast;scm:svn:http://mybatis.googlecode.com/svn/sub-projects/caches/tags/mybatis-hazelcast-1.0.0
org.mybatis.maven:maven-migration-plugin;scm:svn:http://mybatis.googlecode.com/svn/sub-projects/maven-migration-plugin/tags/maven-migration-plugin-1.0.0
org.mockwire:mockwire-guice3;scm:svn:http://source.stickycode.net/tags/org.mockwire/mockwire-guice3-2.2
org.mockwire:mockwire-spring3-ws;scm:svn:http://source.stickycode.net/tags/org.mockwire/mockwire-spring3-ws-2.1
org.mortbay.jetty:jetty-jsp;scm:svn:https://svn.codehaus.org/jetty/jsp/tags/jetty-jsp-9.1.1.B60.25.p2
org.mortbay.jetty:jetty-contrib-parent;scm:svn:https://svn.codehaus.org/jetty-contrib/tags/jetty-contrib-7.0.0.pre5
org.mortbay.jetty:jetty-project;scm:svn:https://svn.codehaus.org/jetty/jetty/tags/jetty-project-7.0.0.1beta1
org.mortbay.jetty:servlet-annotation-spec;scm:svn:https://svn.codehaus.org/jetty/servlet-annotation-spec/tags/servlet-annotation-spec-3.0.pre0
org.mortbay.jetty:jetty-parent;scm:git:http://git.codehaus.org/gitweb.cgi?p=jetty-parent.git
org.mockwire:mockwire-guice3-ws;scm:svn:http://source.stickycode.net/tags/org.mockwire/mockwire-guice3-ws-1.1
org.mockwire:mockwire-spring3;scm:svn:http://source.stickycode.net/tags/org.mockwire/mockwire-spring3-7.2
org.mortbay.jetty:example-jetty-spring;scm:svn:https://svn.codehaus.org/jetty/jetty/tags/jetty-7.0.0.RC5
org.mockwire:mockwire-spring30-ws;scm:svn:http://source.stickycode.net/tags/org.mockwire/mockwire-spring30-ws-1.1
org.mortbay.jetty:jetty-test-jaas-webapp;scm:svn:https://svn.codehaus.org/jetty/jetty/tags/jetty-test-jaas-webapp-7.0.0.1beta1
org.mockwire:mockwire-spring30;scm:svn:http://source.stickycode.net/tags/org.mockwire/mockwire-spring30-6.4
net.stickycode.mockwire:sticky-mockwire-spring3;scm:svn:http://source.stickycode.net/tags/net.stickycode.mockwire/sticky-mockwire-spring3-9.3
net.stickycode.mockwire:sticky-mockwire-guice3;scm:svn:http://source.stickycode.net/tags/net.stickycode.mockwire/sticky-mockwire-guice3-3.4
net.stickycode.ws:sticky-ws-cxf-guice3;scm:svn:http://source.stickycode.net/tags/net.stickycode.ws/sticky-ws-cxf-guice3-2.2
net.stickycode.ws:sticky-ws-testutils;scm:svn:http://source.stickycode.net/tags/net.stickycode.ws/sticky-ws-testutils-2.1
net.stickycode.ws:sticky-ws-cxf-spring3;scm:svn:http://source.stickycode.net/tags/net.stickycode.ws/sticky-ws-cxf-spring3-3.1
net.stickycode.mockwire:sticky-mockwire-spring30;scm:svn:http://source.stickycode.net/tags/net.stickycode.mockwire/sticky-mockwire-spring30-7.7
net.stickycode.ws:sticky-ws-cxf-spring30;scm:svn:http://source.stickycode.net/tags/net.stickycode.ws/sticky-ws-cxf-spring30-2.1
org.jvnet.sorcerer:sorcerer;scm:svn:https://sorcerer.dev.java.net/svn/sorcerer/tags/sorcerer-0.8
org.jvnet.ws.wadl:wadl;scm:svn:https://svn.java.net/svn/wadl~svn/tags/1.1.6/wadl
org.jmonit:jmonit; http://jmonit.svn.sourceforge.net/svnroot/jmonit/tags/1.0-alpha-2 
org.jencks:jencks-parent;scm:svn:https://svn.codehaus.org/jencks/tags/jencks-parent-2.2
org.jclarion:clarion-maven-plugin;scm:svn:https://clarion2java.svn.sourceforge.net/svnroot/clarion2java/plugin/tags/clarion-maven-plugin-1.20
org.jclarion:clarion-runtime;scm:svn:https://clarion2java.svn.sourceforge.net/svnroot/clarion2java/runtime/tags/clarion-runtime-1.86
org.jclarion:clarion-compile;scm:svn:https://clarion2java.svn.sourceforge.net/svnroot/clarion2java/compiler/tags/clarion-compile-1.20
org.jclarion:clarion-sysruntime;scm:svn:https://clarion2java.svn.sourceforge.net/svnroot/clarion2java/sysruntime/tags/clarion-sysruntime-1.16
org.jbox2d:jbox2d;scm:svn:https://jbox2d.googlecode.com/svn/tags/jbox2d-2.2.1.1
org.jboss.maven.plugins:maven-jdocbook-style-plugin;scm:svn:https://svn.jboss.org/repos/labs/labs/jbossbuild/maven-plugins/tags/maven-jdocbook-style-plugin-2.0.0
org.jboss.maven.plugins:maven-test-ext-plugin;scm:svn:https://svn.jboss.org/repos/labs/labs/jbossbuild/maven-plugins/tags/maven-test-ext-plugin-1.1.0
org.jamon:jamon-maven-plugin;scm:svn:https://svn.code.sf.net/p/jamon/code/releases/jamon-maven-plugin/jamon-maven-plugin-2.4.2
org.jamon:jamon-java-parent;scm:svn:https://svn.code.sf.net/p/jamon/code/releases/jamon-java-parent/jamon-java-parent-2.4.1
org.jamon:jamon-junit;scm:svn:https://svn.code.sf.net/p/jamon/code/releases/jamon-junit/jamon-junit-2.4.1
org.jamon:jamon-checkstyle;scm:svn:https://svn.code.sf.net/p/jamon/code/releases/jamon-checkstyle/jamon-checkstyle-2.3.1
org.jamon:jamon-api;scm:svn:https://svn.code.sf.net/p/jamon/code/releases/jamon-api/jamon-api-2.3.1
org.imixs.workflow:imixs-workflow-jsf;scm:svn:https://svn.java.net/svn/imixs-workflow~svn/imixs-workflow-jee/tags/imixs-workflow-jsf-2.1.1
org.ikasan:ikasan-client-connection;scm:svn:http://open.jira.com/svn/IKASAN/tags/ikasan-0.8.4
org.imixs.workflow:imixs-workflow-xml;scm:svn:https://svn.java.net/svn/imixs-workflow~svn/imixs-workflow-xml/tags/imixs-workflow-xml-2.1.1
org.imixs.workflow:imixs-workflow-api;scm:svn:https://svn.java.net/svn/imixs-workflow~svn/imixs-workflow-api/tags/imixs-workflow-api-2.1.2
org.ikasan.demo:demoTransformationRouting-app;scm:svn:http://open.jira.com/svn/IKASAN/tags/ikasan-0.8.4
org.ikasan.demo:demoTransformationRouting-frenchNumberTgt-jar;scm:svn:http://open.jira.com/svn/IKASAN/tags/ikasan-0.8.4
org.ikasan:ikasan-framework;scm:svn:http://open.jira.com/svn/IKASAN/tags/ikasan-0.8.4
org.ikasan.demo:demoTransformationRouting-germanWordSrc-jar;scm:svn:http://open.jira.com/svn/IKASAN/tags/ikasan-0.8.4
org.ikasan:ikasan-platform-jar;scm:svn:http://open.jira.com/svn/IKASAN/tags/ikasan-0.8.4
org.imixs.workflow:org.imixs.workflow.jee.api; https://ix-workflow.dev.java.net/source/browse/ix-workflow/ 
org.imixs.workflow:org.imixs.workflow.jee.rest.services; https://ix-workflow.dev.java.net/source/browse/ix-workflow/ 
org.imixs.workflow:imixs-workflow-jee-impl;scm:svn:https://svn.java.net/svn/imixs-workflow~svn/imixs-workflow-jee-impl/tags/imixs-workflow-jee-impl-2.1.4
org.imixs.workflow:org.imixs.workflow.manik.model; https://ix-workflow.dev.java.net/source/browse/ix-workflow/ 
org.imixs.workflow:org.imixs.workflow.manik.project; https://ix-workflow.dev.java.net/source/browse/ix-workflow/ 
org.ikasan:ikasaneip;scm:svn:http://open.jira.com/svn/IKASAN/tags/ikasaneip-0.9.1
org.imixs.workflow:org.imixs.workflow.jee.client-api; https://ix-workflow.dev.java.net/source/browse/ix-workflow/ 
org.imixs.workflow:org.imixs.workflow.services.client; https://ix-workflow.dev.java.net/source/browse/ix-workflow/ 
org.ikasan.demo:demoFileDelivery-ftpSource-jar;scm:svn:http://open.jira.com/svn/IKASAN/tags/ikasan-0.8.4
org.imixs.workflow:imixs-workflow-rest; scm:svn:https://svn.java.net/svn/imixs-workflow~svn/imixs-workflow-rest/tags/imixs-workflow-rest-2.1.2 
org.imixs.workflow:org.imixs.workflow.jee.jsf-util; https://ix-workflow.dev.java.net/source/browse/ix-workflow/ 
org.ikasan:ikasan-project;scm:svn:http://open.jira.com/svn/IKASAN/tags/ikasan-0.8.3
org.ikasan.demo:demoFileDelivery-app-war;scm:svn:http://open.jira.com/svn/IKASAN/tags/ikasan-0.8.4
org.imixs.workflow:org.imixs.workflow.manik.profile; https://ix-workflow.dev.java.net/source/browse/ix-workflow/ 
org.imixs.workflow:org.imixs.workflow.jee.adminclient.web; https://ix-workflow.dev.java.net/source/browse/ix-workflow/ 
org.imixs.workflow:imixs-workflow-soap; scm:svn:https://imixs-workflow.dev.java.net/svn/imixs-workflow/imixs-workflow-soap/tags/imixs-workflow-soap-2.1.0 
org.imixs.workflow:imixs-workflow-adminclient; scm:svn:https://svn.java.net/svn/imixs-workflow~svn/imixs-workflow-adminclient/tags/imixs-workflow-adminclient-3.0.1 
org.ikasan.demo:demoTransformationRouting-parent;scm:svn:http://open.jira.com/svn/IKASAN/tags/ikasan-0.8.4
org.imixs.workflow:org.imixs.workflow.api; https://ix-workflow.dev.java.net/source/browse/ix-workflow/ 
org.ikasan:ikasan-console-jar;scm:svn:http://open.jira.com/svn/IKASAN/tags/ikasan-0.7.11
org.imixs.application:imixs-workflow-jee-archetype; scm:svn:https://imixs-workflow.dev.java.net/svn/imixs-workflow/imixs-workflow-jee-archetype/tags/imixs-workflow-jee-archetype-0.0.4 
org.imixs.workflow:imixs-workflow-jee;scm:svn:https://svn.java.net/svn/imixs-workflow~svn/imixs-workflow-jee/tags/imixs-workflow-jee-2.1.4
org.ikasan:ikasan-platform-war;scm:svn:http://open.jira.com/svn/IKASAN/tags/ikasan-0.7.11
org.imixs.workflow:org.imixs.workflow.manik.orgunit; https://ix-workflow.dev.java.net/source/browse/ix-workflow/ 
org.hrodberaht.directus:parent-pom;scm:svn:http://java-simple-utils.googlecode.com/svn/tags/1.2.0
org.hrodberaht.inject.extension:tdd;scm:svn:https://injection-extensions.googlecode.com/svn/tags/1.0_RC2
org.highfaces:highfaces; http://highfaces.googlecode.com/svn/highfaces/trunk 
org.genesys-pgr:glis-client-okhttp-gson;git@gitlab.croptrust.org:genesys-pgr/glis-client.git/glis-client-parent/glis-client-okhttp-gson
org.genesys-pgr:genesys-client-common;git@gitlab.croptrust.org:genesys-pgr/genesys-client.git/genesys-client-common
org.gaixie.extjs-wrapped:extjs-wrapped;scm:git:ssh://bitorb@git.java.net/extjs-wrapped~git
org.freecompany.util:util-text;scm:svn:https://www.freecompany.org/svn/public/util/trunk/text
org.genesys-pgr:application-blocks;git@gitlab.croptrust.org:genesys-pgr/application-blocks.git
org.genesys-pgr:glis-client-resttemplate;git@gitlab.croptrust.org:genesys-pgr/glis-client.git/glis-client-parent/glis-client-resttemplate
org.genesys-pgr:file-repository;git@gitlab.croptrust.org:genesys-pgr/file-repository.git
org.freecompany.redline:redline;scm:svn:https://www.freecompany.org/svn/public/redline/trunk
org.genesys-pgr:geo-tools;git@gitlab.croptrust.org:genesys-pgr/geo-tools.git
org.freecompany.util:util-xml-editor;scm:svn:https://www.freecompany.org/svn/public/util/trunk/xml/editor
org.genesys-pgr:glis-client-resteasy;git@gitlab.croptrust.org:genesys-pgr/glis-client.git/glis-client-parent/glis-client-resteasy
org.genesys-pgr:glis-client-jersey2;git@gitlab.croptrust.org:genesys-pgr/glis-client.git/glis-client-parent/glis-client-jersey2
org.genesys-pgr:genesys-client-api;git@gitlab.croptrust.org:genesys-pgr/genesys-client-api.git
org.genesys-pgr:glis-client-project;git@gitlab.croptrust.org:genesys-pgr/glis-client.git
org.freeswitch.esl.client:java-esl-client;git://git.freeswitch.org/freeswitch-contrib.git
org.genesys-pgr:glis-client;git@gitlab.croptrust.org:genesys-pgr/glis-client.git
org.genesys-pgr:genesys-client-resttemplate;git@gitlab.croptrust.org:genesys-pgr/genesys-client.git/genesys-client-parent/genesys-client-resttemplate
org.freecompany.util:util-multicaster;scm:svn:https://www.freecompany.org/svn/public/util/trunk/text
org.fornax:fornax-parent; http://fisheye3.cenqua.com/browse/fornax/fornax-parent/tags/fornax-parent-5 
org.fosstrak.reader:reader-rprm-core;scm:svn:https://fosstrak.googlecode.com/svn/reader/tags/reader-0.5.0
org.fosstrak.reader:reader;scm:svn:https://fosstrak.googlecode.com/svn/reader/tags/reader-0.5.0
org.fornax.toolsupport:fornax-oaw-m2-plugin;scm:svn:https://svn.code.sf.net/p/fornax/code/fornax-toolsupport-oaw-m2-plugin/tags/fornax-oaw-m2-plugin-3.6.0
org.everit.osgi.bundles:org.everit.osgi.bundles.org.apache.felix.utils;scm:svn:https://svn.apache.org/repos/asf/felix/releases/org.apache.felix.utils-1.6.0
org.eviline:eviline-pom;git://git.eviline.org/eviline-pom.git
info.ineighborhood:cardme;scm:svn:https://sourceforge.net/projects/cardme/
org.eclipse.rap:org.eclipse.rap.rwt.q07; http://dev.eclipse.org/viewcvs/viewvc.cgi/org.eclipse.rap/runtime.rwt/org.eclipse.rap.rwt.q07/?root=RT_Project 
org.duineframework:duine-framework;scm:svn:https://duine.svn.sourceforge.net/svnroot/duine/proper/duine-framework/tags/duine-framework-4.0.0-RC1
org.duineframework:duine-recommender;scm:svn:https://duine.svn.sourceforge.net/svnroot/duine/proper/recommender/tags/duine-recommender-4.0.0-RC1
org.domeos:kubernetes-client-bom;scm:svn:http://svn.sonatype.org/spice/trunk/oss/oss-parenti-9/kubernetes-client-project
org.domeos:kubernetes-client-bom-with-deps;scm:svn:http://svn.sonatype.org/spice/trunk/oss/oss-parenti-9/kubernetes-client-project
org.dojofaces:dojofaces;scm:svn:https://dojofaces.svn.sourceforge.net/svnroot/dojofaces/tags/dojofaces-1.4_00
org.apache.uima:uimaj-as-activemq; http://svn.apache.org/viewvc/uima/uima-as/tags/uima-as-2.10.3/uimaj-as-activemq 
org.apache.uima:uimaj-as-jms; http://svn.apache.org/viewvc/uima/uima-as/tags/uima-as-2.10.3/uimaj-as-jms 
org.danvk:dygraphs-gwt;scm:svn:https://dygraphs-gwt.googlecode.com/svn/tags/dygraphs-gwt-2011.04.18
org.curjent:curjent;scm:git:git://curjent.git.sourceforge.net/gitroot/curjent/curjent/
org.coosproject.build-tools.org.apache.felix:maven-bundle-plugin;scm:svn:https://svn.apache.org/repos/asf/felix/releases/maven-bundle-plugin-2.1.0
org.codehaus.sonar-plugins:sonar-quality-index-plugin;scm:svn:https://svn.codehaus.org/sonar-plugins/tags/sonar-quality-index-plugin-1.1.3
org.codelabor:maven-example;scm:svn:https://codelabor.googlecode.com/svn/tags/maven-example-3.0.0
org.codehaus.sonar-plugins:sonar-technicaldebt-plugin;scm:svn:https://svn.codehaus.org/sonar-plugins/tags/sonar-technicaldebt-plugin-1.2.1
org.codehaus.sonar-plugins:pdf-report;scm:svn:https://svn.codehaus.org/sonar-plugins/tags/pdf-report-1.0
org.codehaus.sonar-plugins:sonar-delphi-plugin;scm:svn:https://svn.codehaus.org/sonar-plugins/tags/sonar-delphi-plugin-0.1
org.codehaus.sonar-plugins:sonar-emma-plugin;scm:svn:https://svn.codehaus.org/sonar-plugins/tags/sonar-emma-plugin-1.3
org.codehaus.sonar-plugins:sonar-security-rules-plugin;scm:svn:https://svn.codehaus.org/sonar-plugins/tags/sonar-security-rules-plugin-0.3.2
org.codehaus.sonar-plugins:sonar-drools-plugin;scm:svn:https://svn.codehaus.org/sonar-plugins/tags/sonar-drools-plugin-0.2
org.codehaus.sonar-plugins:sonar-jacoco-plugin;scm:svn:https://svn.codehaus.org/sonar-plugins/tags/sonar-jacoco-plugin-0.6
org.codelabor:codelabor-system-host;scm:svn:https://codelabor.googlecode.com/svn/tags/codelabor-system-host-1.0.4
org.codehaus.sonar-plugins:sonar-plugin-taglist;scm:svn:https://svn.codehaus.org/sonar-plugins/tags/sonar-plugin-taglist-0.5
org.codehaus.sonar-plugins:sonar-flex-plugin;scm:svn:https://svn.codehaus.org/sonar-plugins/tags/sonar-flex-plugin-1.0.1
org.codehaus.sonar-plugins:technical-debt;scm:svn:https://svn.codehaus.org/sonar-plugins/tags/technical-debt-0.3
org.codelabor:codelabor-system-xecure;scm:svn:https://codelabor.googlecode.com/svn/tags/codelabor-system-xecure-2.0.0
org.codehaus.sonar-plugins:sonar-javascript-plugin;scm:svn:https://svn.codehaus.org/sonar-plugins/tags/sonar-javascript-plugin-0.4
org.codehaus.sonar-plugins:sonar-email-plugin;scm:svn:https://svn.codehaus.org/sonar-plugins/tags/sonar-email-plugin-0.2
org.codehaus.sonar-plugins:sonar-python-plugin;scm:svn:https://svn.codehaus.org/sonar-plugins/tags/sonar-python-plugin-0.1
org.codehaus.sonar-plugins:sonar-cutoff-plugin;scm:svn:https://svn.codehaus.org/sonar-plugins/tags/sonar-cutoff-plugin-0.2
org.codehaus.sonar-plugins:sonar-taglist-plugin;scm:svn:https://svn.codehaus.org/sonar-plugins/tags/sonar-taglist-plugin-1.0
org.codehaus.sonar-plugins:sonar-c-rules-plugin;scm:svn:https://svn.codehaus.org/sonar-plugins/tags/sonar-c-rules-plugin-0.4
org.codehaus.sonar-plugins:sonar-sigmm-plugin;scm:svn:https://svn.codehaus.org/sonar-plugins/tags/sonar-sigmm-plugin-1.0.1
org.codehaus.sonar-plugins:sonar-google-calendar-plugin;scm:svn:https://svn.codehaus.org/sonar-plugins/tags/sonar-google-calendar-plugin-0.2
org.codehaus.sonar-plugins:sonar-csv-export-plugin;scm:svn:https://svn.codehaus.org/sonar-plugins/tags/sonar-csv-export-plugin-1.3
org.codehaus.sonar-plugins:sonar-radiator-plugin;scm:svn:https://svn.codehaus.org/sonar-plugins/tags/sonar-radiator-plugin-1.1
org.codehaus.sonar-plugins:sonar-greenpepper-plugin;scm:svn:https://svn.codehaus.org/sonar-plugins/tags/sonar-greenpepper-plugin-0.2
org.codehaus.sonar-plugins:sonar-twitter-plugin;scm:svn:https://svn.codehaus.org/sonar-plugins/tags/sonar-twitter-plugin-0.1
org.codehaus.sonar-plugins:maven-report;scm:svn:https://svn.codehaus.org/sonar-plugins/tags/maven-report-0.1
org.codehaus.sonar-plugins:emma;scm:svn:https://svn.codehaus.org/sonar-plugins/tags/emma-0.1
org.codehaus.sonar-plugins:sonar-doxygen-plugin;scm:svn:https://svn.codehaus.org/sonar-plugins/tags/sonar-doxygen-plugin-0.1
org.codehaus.sonar-plugins:sonar-php;scm:svn:https://svn.codehaus.org/sonar-plugins/tags/sonar-php-0.4
org.codehaus.sonar-plugins:sonar-violationdensity-plugin;scm:svn:https://svn.codehaus.org/sonar-plugins/tags/sonar-violationdensity-plugin-1.2
org.codehaus.sonar-plugins.scm-activity:parent;scm:svn:https://svn.codehaus.org/sonar-plugins/tags/parent-1.3
org.codehaus.xharness:xharness;scm:svn:https://svn.codehaus.org/xharness/tags/xharness-1.0-beta-5
org.codehaus.sonar-plugins:sonar-artifact-size-plugin;scm:svn:https://svn.codehaus.org/sonar-plugins/tags/sonar-artifact-size-plugin-0.3
org.codehaus.sonar-plugins:sonar-abacus-plugin;scm:svn:https://svn.codehaus.org/sonar-plugins/tags/sonar-abacus-plugin-0.1
org.codehaus.sonar-plugins:sonar-rulesmeter-plugin;scm:svn:https://svn.codehaus.org/sonar-plugins/tags/sonar-rulesmeter-plugin-0.1
org.codehaus.sonar-plugins:sonarncss;scm:svn:https://svn.codehaus.org/sonar-plugins/tags/sonarncss-0.1
org.briarproject:obfs4proxy-android;scm:https://gitlab.torproject.org/tpo/anti-censorship/pluggable-transports/obfs4.git
org.bsc.maven:maven-mvnver-plugin;scm:git:https://bartolomeo.sorrentino@code.google.com/p/maven-mvnver-plugin/
org.briarproject:obfs4proxy-windows;scm:https://gitlab.torproject.org/tpo/anti-censorship/pluggable-transports/obfs4.git
org.briarproject:snowflake-linux;scm:https://gitlab.torproject.org/tpo/anti-censorship/pluggable-transports/snowflake.git
org.briarproject:snowflake-macos;scm:https://gitlab.torproject.org/tpo/anti-censorship/pluggable-transports/snowflake.git
org.boretti.drools.integration:drools5-integration-helper-library; http://www.javaforge.com/proj/sources/sccBrowse.do?proj_id=2903 
org.boretti.drools.integration:drools5-integration-helper-maven-plugin; http://www.javaforge.com/proj/sources/sccBrowse.do?proj_id=2903 
org.briarproject:lyrebird-android;scm:https://gitlab.torproject.org/tpo/anti-censorship/pluggable-transports/lyrebird.git
org.briarproject:tor-linux;scm:https://gitweb.torproject.org/tor.git
org.briarproject:tor-macos;scm:https://gitweb.torproject.org/tor.git
org.boretti.drools.integration:drools5-integration-helper-main; http://www.javaforge.com/proj/sources/sccBrowse.do?proj_id=2903 
org.briarproject:lyrebird-windows;scm:https://gitlab.torproject.org/tpo/anti-censorship/pluggable-transports/lyrebird.git
org.boretti.drools.integration:drools5-integration-helper-archetype; http://www.javaforge.com/proj/sources/sccBrowse.do?proj_id=2903 
org.briarproject:tor-windows;scm:https://gitweb.torproject.org/tor.git
org.briarproject:snowflake-windows;scm:https://gitlab.torproject.org/tpo/anti-censorship/pluggable-transports/snowflake.git
org.briarproject:obfs4proxy-linux;scm:https://gitlab.torproject.org/tpo/anti-censorship/pluggable-transports/obfs4.git
org.briarproject:lyrebird-linux;scm:https://gitlab.torproject.org/tpo/anti-censorship/pluggable-transports/lyrebird.git
org.briarproject:lyrebird-macos;scm:https://gitlab.torproject.org/tpo/anti-censorship/pluggable-transports/lyrebird.git
org.briarproject:snowflake-android;scm:https://gitlab.torproject.org/tpo/anti-censorship/pluggable-transports/snowflake.git
org.briarproject:obfs4proxy-macos;scm:https://gitlab.torproject.org/tpo/anti-censorship/pluggable-transports/obfs4.git
org.boretti.drools.integration:drools5-integration-helper-manual; http://www.javaforge.com/proj/sources/sccBrowse.do?proj_id=2903 
org.binddog.test:binddog-test;<https://lab.ssafy.com/s11-final/S11P31A401/-/tree/master>
org.binddog:binddog;<https://lab.ssafy.com/s11-final/S11P31A401/-/tree/master>
org.appspy.server:org.appspy.server.dao; https://appspy.svn.sourceforge.net/svnroot/appspy/appspy/tags/Release-1.1 
org.apertereports:apertereports; https://code.google.com/p/aperte-reports/ 
org.apache.uima:textmarker-eclipse-feature; http://svn.apache.org/viewvc/uima/sandbox/textmarker/tags/textmarker-2.0.0-rc6/textmarker-eclipse-feature 
org.apache.uima:uima-ducc-sm; http://svn.apache.org/viewvc/uima/uima-ducc/tags/uima-ducc-3.0.0/uima-ducc-sm 
org.apache.uima:uima-ducc-pm; http://svn.apache.org/viewvc/uima/uima-ducc/tags/uima-ducc-3.0.0/uima-ducc-pm 
org.apache.uima:parent-pom-annotator; http://svn.apache.org/viewvc/uima/build/tags/parent-pom-annotator-4 
org.apache.tamaya.ext:tamaya-extension-distribution; https://git-wip-us.apache.org/repos/asf?p=incubator-tamaya.git 
org.apache.uima:uima-ducc-rm; http://svn.apache.org/viewvc/uima/uima-ducc/tags/uima-ducc-3.0.0/uima-ducc-rm 
org.apache.uima:uimaj-ep-runtime-deployeditor; http://svn.apache.org/viewvc/uima/uima-as/tags/uima-as-2.10.3/uimaj-ep-runtime-deployeditor 
org.apache.uima:uimaj-ep-deployeditor; http://svn.apache.org/viewvc/uima/uima-as/tags/uima-as-2.10.3/uimaj-ep-deployeditor 
org.apache.uima:uima-ducc-jd; http://svn.apache.org/viewvc/uima/sandbox/uima-ducc/tags/uima-ducc-1.1.0/uima-ducc-jd 
org.apache.tamaya:buildconfigurations; https://git-wip-us.apache.org/repos/asf?p=incubator-tamaya.git 
org.apache.uima:uima-ducc-workitem-v2; http://svn.apache.org/viewvc/uima/uima-ducc/tags/uima-ducc-3.0.0/uima-ducc-workitem-v2 
org.apache.uima:parent-pom-eclipse-plugins-ibm-notice; http://svn.apache.org/viewvc/uima/build/tags/parent-pom-eclipse-plugins-ibm-notice-4 
org.apache.tuscany.maven.plugins:maven-zip-plugin;scm:svn:https://svn.apache.org/repos/asf/tuscany/maven-plugins/tags/maven-zip-plugin-alpha2
org.apache.tapestry:tutorial1;scm:svn:https://svn.apache.org/repos/asf/tapestry/tapestry5/tags/releases/5.2.6/tapestry-tutorial1
org.apache.uima:uima-ducc-db; http://svn.apache.org/viewvc/uima/sandbox/uima-ducc/tags/uima-ducc-1.1.0/uima-ducc-db 
org.apache.tuscany.maven.plugins:maven-eclipse-compiler;scm:svn:https://svn.apache.org/repos/asf/tuscany/maven-plugins/tags/maven-eclipse-compiler-1.0.2
org.apache.tuscany.sca:tuscany-bundle-plugin;scm:svn:https://svn.apache.org/repos/asf/tuscany/maven-plugins/tags/tuscany-bundle-plugin-1.0.8
org.apache.uima:uima-ducc-workitem-v3; http://svn.apache.org/viewvc/uima/uima-ducc/tags/uima-ducc-3.0.0/uima-ducc-workitem-v3 
org.apache.uima:uima-ducc-common; http://svn.apache.org/viewvc/uima/uima-ducc/tags/uima-ducc-3.0.0/uima-ducc-common 
org.apache.uima:parent-pom-ibm-notice; http://svn.apache.org/viewvc/uima/build/tags/parent-pom-ibm-notice-4 
org.apache.uima:uimaj-as-osgi-runtime; http://svn.apache.org/viewvc/uima/uima-as/tags/uima-as-2.10.3/uimaj-as-osgi-runtime 
org.apache.uima:uima-ducc-database; http://svn.apache.org/viewvc/uima/uima-ducc/tags/uima-ducc-3.0.0/uima-ducc-database 
org.apache.uima:uima-ducc-cli; http://svn.apache.org/viewvc/uima/uima-ducc/tags/uima-ducc-3.0.0/uima-ducc-cli 
org.apache.uima:uima-assembly-single-project; http://svn.apache.org/viewvc/uima/build/tags/uima-assembly-single-project-2 
org.apache.uima:uima-jar-resource-bundle; http://svn.apache.org/viewvc/uima/build/tags/uima-jar-resource-bundle-3 
org.apache.tamaya:tamaya-all; https://gitbox.apache.org/repos/asf?p=incubator-tamaya.git 
org.apache.tuscany.maven.plugins:maven-osgi-junit-plugin;scm:svn:https://svn.apache.org/repos/asf/tuscany/maven-plugins/tags/maven-osgi-junit-plugin-1.0
org.apache.uima:uima-docbook-resource-bundle; http://svn.apache.org/viewvc/uima/build/tags/uima-docbook-resource-bundle-2 
org.apache.uima:uimaj-as-camel; http://svn.apache.org/viewvc/uima/uima-as/tags/uima-as-2.10.3/uimaj-as-camel 
org.apache.tuscany.sca:tuscany-zip-plugin;scm:svn:https://svn.apache.org/repos/asf/tuscany/maven-plugins/tags/tuscany-zip-plugin-alpha3
org.apache.uima:parent-pom-distr; http://svn.apache.org/viewvc/uima/build/tags/parent-pom-distr-3 
org.apache.uima:uima-ducc-user; http://svn.apache.org/viewvc/uima/uima-ducc/tags/uima-ducc-3.0.0/uima-ducc-user 
org.apache.uima:uima-as-parent; http://svn.apache.org/viewvc/uima/uima-as/tags/uima-as-2.10.3/uima-as-parent 
org.apache.uima:uima-build-helper-maven-plugin; http://svn.apache.org/viewvc/uima/build/tags/uima-build-helper-maven-plugin-7 
org.apache.tamaya:tamaya-distribution; https://git-wip-us.apache.org/repos/asf?p=incubator-tamaya.git 
org.apache.tamaya:tamaya-docs; https://git-wip-us.apache.org/repos/asf?p=incubator-tamaya.git 
org.apache.uima:uima-ducc-orchestrator; http://svn.apache.org/viewvc/uima/uima-ducc/tags/uima-ducc-3.0.0/uima-ducc-orchestrator 
org.apache.uima:parent-pom-docbook; http://svn.apache.org/viewvc/uima/build/tags/parent-pom-docbook-4 
org.apache.uima:uima-ducc-container; http://svn.apache.org/viewvc/uima/uima-ducc/tags/uima-ducc-3.0.0/uima-ducc-container 
org.apache.uima:uima-ducc-examples; http://svn.apache.org/viewvc/uima/uima-ducc/tags/uima-ducc-3.0.0/uima-ducc-examples 
org.apache.uima:uimaj-distr; http://svn.apache.org/viewvc/uima/uimaj/tags/uimaj-2.3.1-rc1/uimaj-distr 
org.apache.tomee.patch:cxf;scm:git:https://git-wip-us.apache.org/repos/asf/cxf.git
org.apache.uima:uima-ducc-agent; http://svn.apache.org/viewvc/uima/uima-ducc/tags/uima-ducc-3.0.0/uima-ducc-agent 
org.apache.uima:parent-pom-top; http://svn.apache.org/viewvc/uima/build/tags/parent-pom-top-5 
org.apache.uima:uima-addons-parent; http://svn.apache.org/viewvc/uima/sandbox/addons/uima-addons-parent/tags/uima-addons-2.3.1-rc5/uima-addons-parent 
org.apache.uima:parent-pom-single-project; http://svn.apache.org/viewvc/uima/build/tags/parent-pom-single-project-4 
org.apache.uima:parent-pom-eclipse-plugins; http://svn.apache.org/viewvc/uima/build/tags/parent-pom-eclipse-plugins-4 
org.apache.stanbol:org.apache.stanbol.enhancer.engine.keywordextraction;scm:svn:https://svn.apache.org/repos/asf/stanbol/tags/apache-stanbol-1.0.0/release-1.0.0-branch/stanbol.apache.org
org.apache.stanbol:org.apache.stanbol.entityhub.yard.clerezza;scm:svn:https://svn.apache.org/repos/asf/stanbol/tags/apache-stanbol-1.0.0/stanbol.apache.org/branches/release-1.0.0-branch
org.apache.stanbol:org.apache.stanbol.enhancer.engines.opennlp.sentence;scm:svn:https://svn.apache.org/repos/asf/stanbol/tags/apache-stanbol-1.0.0/stanbol.apache.org/branches/release-1.0.0-branch
org.apache.stanbol:org.apache.stanbol.entityhub.indexing.dblp;scm:svn:https://svn.apache.org/repos/asf/stanbol/tags/apache-stanbol-1.0.0/stanbol.apache.org/branches/release-1.0.0-branch
org.apache.stanbol:org.apache.stanbol.entityhub.indexing.genericrdf;scm:svn:https://svn.apache.org/repos/asf/stanbol/tags/apache-stanbol-1.0.0/stanbol.apache.org/branches/release-1.0.0-branch
org.apache.stanbol:org.apache.stanbol.commons.solr.defaults;scm:svn:https://svn.apache.org/repos/asf/stanbol/tags/apache-stanbol-1.0.0/stanbol.apache.org/branches/release-1.0.0-branch
org.apache.stanbol:org.apache.stanbol.enhancer.ldpath;scm:svn:https://svn.apache.org/repos/asf/stanbol/tags/apache-stanbol-1.0.0/release-1.0.0-branch/stanbol.apache.org
org.apache.stanbol:org.apache.stanbol.enhancer.chain.graph;scm:svn:https://svn.apache.org/repos/asf/stanbol/tags/apache-stanbol-1.0.0/stanbol.apache.org/branches/release-1.0.0-branch
org.apache.stanbol:org.apache.stanbol.commons.stanboltools.datafileprovider.bundle;scm:svn:https://svn.apache.org/repos/asf/stanbol/tags/apache-stanbol-1.0.0/stanbol.apache.org/branches/release-1.0.0-branch
org.apache.stanbol:org.apache.stanbol.entityhub.jersey;scm:svn:https://svn.apache.org/repos/asf/stanbol/tags/apache-stanbol-1.0.0//stanbol.apache.org
org.apache.stanbol:org.apache.stanbol.enhancer.engines.lucenefstlinking;scm:svn:https://svn.apache.org/repos/asf/stanbol/tags/apache-stanbol-1.0.0/release-1.0.0-branch/stanbol.apache.org
org.apache.stanbol:org.apache.stanbol.commons.web.home;scm:svn:https://svn.apache.org/repos/asf/stanbol/tags/apache-stanbol-1.0.0/stanbol.apache.org/branches/release-1.0.0-branch
org.apache.stanbol:org.apache.stanbol.entityhub.indexing.freebase;scm:svn:https://svn.apache.org/repos/asf/stanbol/tags/apache-stanbol-1.0.0/stanbol.apache.org/branches/release-1.0.0-branch
org.apache.stanbol:org.apache.stanbol.commons.namespaceprefix.provider.stanbol;scm:svn:https://svn.apache.org/repos/asf/stanbol/tags/apache-stanbol-1.0.0/stanbol.apache.org/branches/release-1.0.0-branch
org.apache.stanbol:apache-stanbol-enhancement-engines;scm:svn:https://svn.apache.org/repos/asf/stanbol/tags/apache-stanbol-1.0.0/stanbol.apache.org
org.apache.stanbol:org.apache.stanbol.enhancer.chain.weighted;scm:svn:https://svn.apache.org/repos/asf/stanbol/tags/apache-stanbol-1.0.0/stanbol.apache.org/branches/release-1.0.0-branch
org.apache.stanbol:org.apache.stanbol.commons.solr.install;scm:svn:https://svn.apache.org/repos/asf/stanbol/tags/apache-stanbol-1.0.0/stanbol.apache.org/branches/release-1.0.0-branch
org.apache.stanbol:org.apache.stanbol.enhancer.engines.opennlp.token;scm:svn:https://svn.apache.org/repos/asf/stanbol/tags/apache-stanbol-1.0.0/stanbol.apache.org/branches/release-1.0.0-branch
org.apache.stanbol:org.apache.stanbol.commons.security.usermanagement;scm:svn:https://svn.apache.org/repos/asf/stanbol/tags/apache-stanbol-1.0.0/stanbol.apache.org/branches/release-1.0.0-branch
org.apache.stanbol:org.apache.stanbol.enhancer.engines.refactor;scm:svn:https://svn.apache.org/repos/asf/stanbol/tags/apache-stanbol-1.0.0/release-1.0.0-branch/stanbol.apache.org
org.apache.stanbol:org.apache.stanbol.enhancer.engines.opennlp.chunker;scm:svn:https://svn.apache.org/repos/asf/stanbol/tags/apache-stanbol-1.0.0/stanbol.apache.org/branches/release-1.0.0-branch
org.apache.stanbol:org.apache.stanbol.enhancer.nlp.json;scm:svn:https://svn.apache.org/repos/asf/stanbol/tags/apache-stanbol-1.0.0/stanbol.apache.org/branches/release-1.0.0-branch
org.apache.stanbol:org.apache.stanbol.enhancer.engines.sentiment.summarization;scm:svn:https://svn.apache.org/repos/asf/stanbol/tags/apache-stanbol-1.0.0/release-1.0.0-branch/stanbol.apache.org
org.apache.sling:org.apache.sling.crankstart.api;scm:svn:https://svn.apache.org/repos/asf/sling/tags/org.apache.sling.crankstart.api-1.0.0
org.apache.sling:org.apache.sling.installer.it;scm:svn:https://svn.apache.org/repos/asf/sling/tags/org.apache.sling.installer.it-3.1.2
org.apache.stanbol:org.apache.stanbol.enhancer.engines.entityhublinking;scm:svn:https://svn.apache.org/repos/asf/stanbol/tags/apache-stanbol-1.0.0/release-1.0.0-branch/stanbol.apache.org
org.apache.sling:org.apache.sling.crankstart.sling.extensions;scm:svn:https://svn.apache.org/repos/asf/sling/tags/org.apache.sling.crankstart.sling.extensions-1.0.0
org.apache.stanbol:org.apache.stanbol.commons.authentication.basic;scm:svn:https://svn.apache.org/repos/asf/stanbol/tags/apache-stanbol-1.0.0/stanbol.apache.org/branches/release-1.0.0-branch
org.apache.sling:org.apache.sling.crankstart.api.fragment;scm:svn:https://svn.apache.org/repos/asf/sling/tags/org.apache.sling.crankstart.api.fragment-1.0.2
org.apache.openejb:openejb;scm:git:https://git-wip-us.apache.org/repos/asf/tomee.git
org.apache.portals.pluto.archetype:mvcbean-jsp-portlet-archetype;scm:git:https://git-wip-us.apache.org/repos/asf/portals-pluto.git
org.apache.portals.pluto.archetype:mvcbean-thymeleaf-portlet-archetype;scm:git:https://git-wip-us.apache.org/repos/asf/portals-pluto.git
org.apache.portals.pluto.archetype:bean-portlet-archetype;scm:git:https://git-wip-us.apache.org/repos/asf/portals-pluto.git
org.apache.portals.pluto.archetype:generic-portlet-archetype;scm:git:https://git-wip-us.apache.org/repos/asf/portals-pluto.git
org.apache.myfaces.extensions.scripting:myfaces20-extscript-helloworld; http://svn.apache.org/viewvc/myfaces/extensions/scripting/tags/extscript-root-1.0.6/extscript-examples/myfaces20-extscript-helloworld 
org.apache.myfaces.extensions.scripting:myfaces21-extscript-cdi; http://svn.apache.org/viewvc/myfaces/extensions/scripting/tags/extscript-root-1.0.6/extscript-examples/myfaces20-extscript-helloworld 
org.apache.myfaces.extensions.scripting:extscript-myfaces2-extensions; http://svn.apache.org/viewvc/myfaces/extensions/scripting/tags/extscript-root-1.0.2/extscript-core-root/extscript-myfaces2-extensions 
org.apache.felix:org.apache.felix.ipojo.junit4osgi.felix-command;scm:svn:https://svn.apache.org/repos/asf/felix/releases/org.apache.felix.ipojo.junit4osgi.felix-command-1.0.0
org.apache.felix:org.apache.felix.ipojo.handler.extender.pattern;scm:svn:https://svn.apache.org/repos/asf/felix/releases/org.apache.felix.ipojo.handler.extender.pattern-0.8.0
org.apache.felix:org.apache.felix.threaddump;scm:svn:https://svn.apache.org/repos/asf/felix/releases/org.apache.felix.threaddump-1.0.0
org.apache.felix:org.apache.felix.ipojo.handler.white.board.pattern;scm:svn:https://svn.apache.org/repos/asf/felix/releases/org.apache.felix.ipojo.handler.white.board.pattern-0.8.0
org.apache.felix:org.apache.felix.scr.bnd;scm:svn:https://svn.apache.org/repos/asf/felix/releases/org.apache.felix.scr.bnd-1.9.6
org.apache.felix:org.apache.felix.ipojo.junit4osgi.swing-gui;scm:svn:https://svn.apache.org/repos/asf/felix/releases/org.apache.felix.ipojo.junit4osgi.swing-gui-1.0.0
org.apache.felix:gogo-reactor;scm:svn:https://svn.apache.org/repos/asf/felix/releases/1.0.0
org.apache.felix.gogo:gogo;scm:svn:https://svn.apache.org/repos/asf/felix/releases/gogo-0.4.0
org.apache.felix:maven-junit4osgi-plugin;scm:svn:https://svn.apache.org/repos/asf/felix/releases/maven-junit4osgi-plugin-1.0.0
org.apache.felix:org.apache.felix.upnp.tester;scm:svn:https://svn.apache.org/repos/asf/felix/releases/org.apache.felix.upnp.tester-0.4.0
org.apache.felix:org.apache.felix.ipojo.online.manipulator;scm:svn:https://svn.apache.org/repos/asf/felix/releases/org.apache.felix.ipojo.online.manipulator-1.6.0
org.apache.geronimo:geronimo-transaction; http://svn.apache.org/viewcvs.cgi/geronimo/trunk/?root=Apache-SVN 
org.apache.felix:org.apache.felix.scr.ext.anno;scm:svn:https://svn.apache.org/repos/asf/felix/releases/org.apache.felix.scr.ext.anno-1.0.0
org.apache.aries.tx-control:org.apache.aries.tx-control-jpa-itests; http://svn.apache.org/viewvc/aries/tags/tx-control-0.0.3/tx-control-jpa-itests 
org.apache.aries.versioning:org.apache.aries.versioning;scm:svn:http://svn.apache.org/repos/asf/aries/tags/org.apache.aries.versioning-0.2.0/org.apache.aries.versioning
org.apache.aries.jmx:org.apache.aries.jmx.parent;scm:svn:http://svn.apache.org/repos/asf/aries/tags/jmx-1.1.5/org.apache.aries.jmx.parent
org.apache.aries.tx-control:org.apache.aries.tx-control-itests; http://svn.apache.org/viewvc/aries/tags/tx-control-0.0.3/tx-control-itests 
org.andromda.samples.onlinestore:online-store;scm:svn:http://andromda.svn.sourceforge.net/svnroot/andromda/trunk/samples/online-store/
nu.ahlbom:myUtils;git://git@vpn.anx.se:/myutils.git
net.stickycode:sticky-reflector;scm:svn:http://source.stickycode.net/tags/net.stickycode/sticky-reflector-3.3
net.stickycode.composite:sticky-composite-cxf-soap-unittest;scm:svn:http://source.stickycode.net/tags/net.stickycode.composite/sticky-composite-cxf-soap-unittest-2.1
net.sf.springlayout:springlayout; http://springlayout.svn.sourceforge.net/viewvc/springlayout/trunk 
net.sourceforge.jfacets:jfacets-all;scm:svn:https://jfacets.svn.sourceforge.net/svnroot/jfacets/trunk
net.stickycode.bootstrap:sticky-bootstrap-api;scm:svn:http://source.stickycode.net/tags/net.stickycode.bootstrap/sticky-bootstrap-api-2.7
net.sf.jmgf:jmgf;git://git.code.sf.net/p/jmgf/code
net.stickycode.deploy:sticky-embedded-tomcat7;scm:svn:http://source.stickycode.net/tags/net.stickycode.deploy/sticky-embedded-tomcat7-0.2
net.stickycode.scheduled:sticky-scheduled-spring30;scm:svn:http://source.stickycode.net/tags/net.stickycode.scheduled/sticky-scheduled-spring30-2.3
net.stickycode.resource:sticky-resource-coercion;scm:svn:http://source.stickycode.net/tags/net.stickycode.resource/sticky-resource-coercion-3.3
net.sourceforge.openutils:openutils-mgnlutils;scm:svn:svn+ssh://svn.code.sf.net/p/openutils/code/tags/openutils-mgnlutils-5.0.10
net.sourceforge.pah:pah;git://git.code.sf.net/p/pah/code
net.sourceforge.openutils:openutils-mgnltasks;scm:svn:svn+ssh://svn.code.sf.net/p/openutils/code/tags/openutils-mgnltasks-5.0.10
net.sourceforge.openutils:openutils-mgnltagcloud;scm:svn:svn+ssh://svn.code.sf.net/p/openutils/code/tags/openutils-mgnltagcloud-5.0.10
net.stickycode.stereotype:sticky-stereotype-resource;scm:svn:http://source.stickycode.net/tags/net.stickycode.stereotype/sticky-stereotype-resource-2.2
net.stickycode.deploy.sample:sticky-deployer-sample-helloworld;scm:svn:http://source.stickycode.net/tags/net.stickycode.deploy.sample/sticky-deployer-sample-helloworld-1.4
net.stickycode.mockwire:sticky-mockwire-api;scm:svn:http://source.stickycode.net/tags/net.stickycode.mockwire/sticky-mockwire-api-8.6
net.stickycode.servlet:sticky-servlet-spring3-jersey;scm:svn:http://source.stickycode.net/tags/net.stickycode.servlet/sticky-servlet-spring3-jersey-1.4
net.sourceforge.javydreamercsw:marauroa;git://arianne.git.sourceforge.net/gitroot/arianne/marauroa.git
net.stickycode.stereotype:sticky-stereotype-failure;scm:svn:http://source.stickycode.net/tags/net.stickycode.stereotype/sticky-stereotype-failure-2.3
net.stickycode.resource:sticky-resource;scm:svn:http://source.stickycode.net/tags/net.stickycode.resource/sticky-resource-3.2
net.stickycode:sticky-testutils;scm:svn:http://source.stickycode.net/tags/net.stickycode/sticky-testutils-2.2
net.stickycode.scheduled:sticky-scheduled-spring3;scm:svn:http://source.stickycode.net/tags/net.stickycode.scheduled/sticky-scheduled-spring3-3.2
net.stickycode.rs:sticky-rs-coercion-jersey;scm:svn:http://source.stickycode.net/tags/net.stickycode.rs/sticky-rs-coercion-jersey-1.1
net.sourceforge.datamakerapi:datamakerapi;git://git.code.sf.net/p/datamakerapi/code
net.sourceforge.muleapps:muleapps;scm:svn:http://svn.code.sf.net/p/muleapps/code/tags/muleapps-2
net.stickycode.deploy:sticky-deployer-tomcat6;scm:svn:http://source.stickycode.net/tags/net.stickycode.deploy/sticky-deployer-tomcat6-1.14
net.sf.bioutils-proteo:bioutils-proteomics;git://git.code.sf.net/p/bioutils-proteo/code
net.stickycode:sticky-exception;scm:svn:http://source.stickycode.net/tags/net.stickycode/sticky-exception-3.2
net.stickycode.scheduled:sticky-scheduled-spring4;scm:svn:http://source.stickycode.net/tags/net.stickycode.scheduled/sticky-scheduled-spring4-1.1
net.sourceforge.rapidprops:rapidprops;git://git.code.sf.net/p/rapidprops/code
net.sourceforge.kivu4j:job;scm:svn:http://svn.code.sf.net/p/kivu4j/code-0/tags/job-1.0
net.stickycode.plugins:sticky-bounds-plugin;scm:svn:http://source.stickycode.net/tags/net.stickycode.plugins/sticky-bounds-plugin-1.10
net.sourceforge.kivu4j:kivu4j-parent;scm:svn:http://svn.code.sf.net/p/kivu4j/code-0/tags/kivu4j-parent-4
net.stickycode.composite:sticky-composite-cxf-soap-http;scm:svn:http://source.stickycode.net/tags/net.stickycode.composite/sticky-composite-cxf-soap-http-2.1
net.sf.fastupload:fastupload-springmvc;scm:git:git://git.code.sf.net/p/fastupload-smvc/code
net.stickycode.deploy.sample:sticky-deployer-sample-main;scm:svn:http://source.stickycode.net/tags/net.stickycode.deploy.sample/sticky-deployer-sample-main-1.2
net.sourceforge.openutils:openutils-mgnlcontrols;scm:svn:svn+ssh://svn.code.sf.net/p/openutils/code/tags/openutils-mgnlcontrols-5.0.10
net.sf.jsimpletools:jsimpletools-parent-pom;scm:git:git://git.code.sf.net/p/jsimpletools/git
net.sourceforge.openutils:openutils-mgnlmessages;scm:svn:svn+ssh://svn.code.sf.net/p/openutils/code/tags/openutils-mgnlmessages-5.0.12
net.sourceforge.kivu4j.books:books;scm:svn:http://svn.code.sf.net/p/kivu4j/code-0/tags/books-2
net.sourceforge.openutils:openutils-mgnlstripes;scm:svn:svn+ssh://svn.code.sf.net/p/openutils/code/tags/openutils-mgnlstripes-5.0.10
net.sf.kerner-utils-jsf:kerner-utils-jsf;git://kerner-utils-js.git.sourceforge.net/gitroot/kerner-utils-js/kerner-utils-js 
net.stickycode.deploy:sticky-deployer-embedded;scm:svn:http://source.stickycode.net/tags/net.stickycode.deploy/sticky-deployer-embedded-0.9
net.sourceforge.kivu4j.job:job;scm:svn:http://svn.code.sf.net/p/kivu4j/code-0/tags/job-2
net.stickycode:sticky-stereotype;scm:svn:http://source.stickycode.net/tags/net.stickycode/sticky-stereotype-1.17
net.stickycode:sticky-coercion-api;scm:svn:http://source.stickycode.net/tags/net.stickycode/sticky-coercion-api-4.4
net.sf.mvc-prototype:mvc-prototype;git://mvc-prototype.git.sourceforge.net/gitroot/mvc-prototype/mvc-prototype 
net.sf.uctool:uctool-archetype;scm:svn:https://svn.code.sf.net/p/uctool/svn/tags/uctool-archetype/uctool-archetype-2.1.0
net.stickycode.resource:sticky-resource-api;scm:svn:http://source.stickycode.net/tags/net.stickycode.resource/sticky-resource-api-3.2
net.sourceforge.sorb:sorb;git://git.code.sf.net/p/sorb/code
net.sf.jranges:jranges;git://git.code.sf.net/p/jranges/code
net.stickycode.parent:sticky-jar;scm:svn:http://source.stickycode.net/tags/net.stickycode.parent/sticky-jar-1.24
net.sourceforge.kivu4j.utils:utils;scm:svn:http://svn.code.sf.net/p/kivu4j/code-0/tags/utils-2
net.sourceforge.openutils:openutils-mgnlrules;scm:svn:svn+ssh://svn.code.sf.net/p/openutils/code/tags/openutils-mgnlrules-5.0.10
net.sourceforge.openutils:openutils-mgnlmail;scm:svn:svn+ssh://svn.code.sf.net/p/openutils/code/tags/openutils-mgnlmail-5.0.10
net.stickycode.scheduled:sticky-scheduled-tck;scm:svn:http://source.stickycode.net/tags/net.stickycode.scheduled/sticky-scheduled-tck-1.1
net.sourceforge.kivu4j:kivu4j;scm:svn:http://svn.code.sf.net/p/kivu4j/code-0/tags/kivu4j-5
net.stickycode.deploy:sticky-signal;scm:svn:http://source.stickycode.net/tags/net.stickycode.deploy/sticky-signal-2.1
net.stickycode.parent:sticky-war;scm:svn:http://source.stickycode.net/tags/net.stickycode.parent/sticky-war-1.15
net.stickycode.parent:sticky-api;scm:svn:http://source.stickycode.net/tags/net.stickycode.parent/sticky-api-1.9
net.stickycode.composite:sticky-composite-spring3;scm:svn:http://source.stickycode.net/tags/net.stickycode.composite/sticky-composite-spring3-2.1
net.stickycode.servlet:sticky-servlet-spring3;scm:svn:http://source.stickycode.net/tags/net.stickycode.servlet/sticky-servlet-spring3-1.3
net.sf.logdistiller:maven-statcvs-plugin; http://cvs.berlios.de/cgi-bin/viewcvs.cgi/statcvs-xml/maven-statcvs-plugin/ 
net.sourceforge.spinnerule:spinerule;git://git.code.sf.net/p/spinnerule/code
net.stickycode.scheduled:sticky-scheduler-api;scm:svn:http://source.stickycode.net/tags/net.stickycode.scheduled/sticky-scheduler-api-2.1
net.stickycode.configured:sticky-configured-tck;scm:svn:http://source.stickycode.net/tags/net.stickycode.configured/sticky-configured-tck-6.4
net.stickycode.composite:sticky-composite-guice3;scm:svn:http://source.stickycode.net/tags/net.stickycode.composite/sticky-composite-guice3-3.1
net.sourceforge.mysources:mysources;scm:svn:http://svn.code.sf.net/p/mysources/code/tags/mysources-4
net.sf.kerner-utils-io:kerner-utils-io;git://git.code.sf.net/p/kerner-utils-io/code
net.stickycode.configured:sticky-configured-guice3;scm:svn:http://source.stickycode.net/tags/net.stickycode.configured/sticky-configured-guice3-4.4
net.stickycode:sticky-coercion-resource;scm:svn:http://source.stickycode.net/tags/net.stickycode/sticky-coercion-resource-1.3
net.stickycode.scheduled:sticky-scheduled;scm:svn:http://source.stickycode.net/tags/net.stickycode.scheduled/sticky-scheduled-3.6
net.stickycode.configuration:sticky-configuration-api;scm:svn:http://source.stickycode.net/tags/net.stickycode.configuration/sticky-configuration-api-2.3
net.sf.geal:geal;git://git.code.sf.net/p/geal/code
net.sourceforge.kivu4j.books:parent;scm:svn:http://svn.code.sf.net/p/kivu4j/code-0/tags/books-parent-1
net.sourceforge.kivu4j:parent;scm:svn:http://svn.code.sf.net/p/kivu4j/code-0/tags/parent-3
net.sourceforge.openutils:openutils-mgnlext;scm:svn:svn+ssh://svn.code.sf.net/p/openutils/code/tags/openutils-mgnlext-5.0.10
net.stickycode.resource:sticky-resource-protocol-http;scm:svn:http://source.stickycode.net/tags/net.stickycode.resource/sticky-resource-protocol-http-1.1
net.stickycode.scheduled:sticky-scheduled-guice3;scm:svn:http://source.stickycode.net/tags/net.stickycode.scheduled/sticky-scheduled-guice3-1.3
net.stickycode.scheduled:sticky-scheduled-api;scm:svn:http://source.stickycode.net/tags/net.stickycode.scheduled/sticky-scheduled-api-3.3
net.stickycode.component:sticky-component-cxf-guice3;scm:svn:http://source.stickycode.net/tags/net.stickycode.component/sticky-component-cxf-guice3-1.5
net.sourceforge.spinnerule:spinnerule;git://git.code.sf.net/p/spinnerule/code
net.sourceforge.mvn-dp-plugin:osgi-deployment-maven-plugin; http://mvn-dp-plugin.svn.sourceforge.net/viewvc/mvn-dp-plugin/trunk 
net.sf.uctool:uctool-maven-plugin;scm:svn:https://svn.code.sf.net/p/uctool/svn/tags/uctool-maven-plugin/uctool-maven-plugin-3.0.0
net.sourceforge.dribble:dribble;git://git.code.sf.net/p/dribble/code
net.stickycode:sticky-metadata-reflective;scm:svn:http://source.stickycode.net/tags/net.stickycode/sticky-metadata-reflective-3.2
net.sf.bioutils.proteomics:proteomics;git://git.code.sf.net/p/bioutils-proteo/code
net.sourceforge.chipper:chipper;git://git.code.sf.net/p/chipper/code
net.stickycode.scheduled:sticky-scheduled-guice4;scm:svn:http://source.stickycode.net/tags/net.stickycode.scheduled/sticky-scheduled-guice4-1.1
net.sourceforge.muleapps.examples:examples;scm:svn:http://svn.code.sf.net/p/muleapps/code/tags/examples-0.2
net.stickycode.configured:sticky-configured-spring4;scm:svn:http://source.stickycode.net/tags/net.stickycode.configured/sticky-configured-spring4-1.3
net.sourceforge.csvscalpar:csvscalpar;git://git.code.sf.net/p/csvscalpar/code
net.stickycode.configured:sticky-configured-spring30;scm:svn:http://source.stickycode.net/tags/net.stickycode.configured/sticky-configured-spring30-4.4
net.sourceforge.mysources.thinkinjava4:thinkinjava4;scm:svn:http://svn.code.sf.net/p/mysources/code/tags/thinkinjava4-1.1
net.stickycode.stile:stile-version;scm:svn:http://source.stickycode.net/tags/net.stickycode.stile/stile-version-0.1
net.sf.andromedaioc:andromeda-ioc;scm:git:https://git.code.sf.net/p/andromedaioc/code
net.stickycode.composite:sticky-composite-jaxb22;scm:svn:http://source.stickycode.net/tags/net.stickycode.composite/sticky-composite-jaxb22-2.1
net.sourceforge.kivu4j:utils;scm:svn:http://svn.code.sf.net/p/kivu4j/code-0/tags/utils-1.0
net.stickycode.deploy:sticky-deployer-tomcat8;scm:svn:http://source.stickycode.net/tags/net.stickycode.deploy/sticky-deployer-tomcat8-2.1
net.sourceforge:kivu4j;scm:svn:http://svn.code.sf.net/p/kivu4j/code-0/tags/kivu4j-2
net.stickycode.examples:sticky-helloworld-war;scm:svn:http://source.stickycode.net/tags/net.stickycode.examples/sticky-helloworld-war-1.3
net.sf.jcmdlineparser:jcmdlineparser;git://jcmdlineparser.git.sourceforge.net/gitroot/jcmdlineparser/jcmdlineparser 
net.stickycode.deploy:sticky-deployer-tomcat7;scm:svn:http://source.stickycode.net/tags/net.stickycode.deploy/sticky-deployer-tomcat7-1.3
net.sf.snmpadaptor4j:snmpAdaptor4j;scm:svn:http://svn.code.sf.net/p/snmpadaptor4j/code/tags/v1.1
net.stickycode.composite:sticky-composite-spring30;scm:svn:https://stickycode.googlecode.com/svn/tags/net.stickycode.composite/sticky-composite-spring30-1.4
net.stickycode:sticky-resource;scm:svn:http://source.stickycode.net/tags/net.stickycode/sticky-resource-1.6
net.stickycode.composite:sticky-composite-jersey-spring;scm:svn:http://source.stickycode.net/tags/net.stickycode.composite/sticky-composite-jersey-spring-1.1
net.sf.triemap:triemap;scm:svn:https://triemap.svn.sourceforge.net/svnroot/triemap/tags/triemap-1.0.1
net.stickycode.ws:sticky-ws-cxf;scm:svn:http://source.stickycode.net/tags/net.stickycode.ws/sticky-ws-cxf-4.1
net.stickycode.composite:sticky-composite-cxf-soap;scm:svn:http://source.stickycode.net/tags/net.stickycode.composite/sticky-composite-cxf-soap-6.1
net.stickycode.stereotype:sticky-stereotype-primitive;scm:svn:http://source.stickycode.net/tags/net.stickycode.stereotype/sticky-stereotype-primitive-1.2
net.stickycode:sticky-resource-api;scm:svn:http://source.stickycode.net/tags/net.stickycode/sticky-resource-api-1.5
net.sourceforge.crumble:crumble;git://git.code.sf.net/p/crumble/code
net.sourceforge.maven-jlex:maven-jlex-plugin; http://maven-jlex.svn.sourceforge.net/viewvc/maven-jlex/ 
net.stickycode:sticky-metadata-api;scm:svn:http://source.stickycode.net/tags/net.stickycode/sticky-metadata-api-3.3
net.sf.fastupload:fastupload-core;scm:git:git://git.code.sf.net/p/fastupload/code
net.sf.jfasta:jfasta;git://git.code.sf.net/p/jfasta/code
net.sourceforge.jmeasurement2:JMPrometheus;scm:git:https://wklaas@git.code.sf.net/p/jmeasurement2/code
net.stickycode.stereotype:sticky-stereotype-scheduled;scm:svn:http://source.stickycode.net/tags/net.stickycode.stereotype/sticky-stereotype-scheduled-3.2
net.stickycode.bootstrap:sticky-bootstrap-guice3;scm:svn:http://source.stickycode.net/tags/net.stickycode.bootstrap/sticky-bootstrap-guice3-5.6
net.sourceforge.jmeasurement2:JMeasurement;scm:git:https://wklaas@git.code.sf.net/p/jmeasurement2/code
net.stickycode.configured:sticky-configured-content-api;scm:svn:http://source.stickycode.net/tags/net.stickycode.configured/sticky-configured-content-api-2.1
net.stickycode.deploy.sample:sticky-deployer-sample-main2;scm:svn:http://source.stickycode.net/tags/net.stickycode.deploy.sample/sticky-deployer-sample-main2-1.1
net.stickycode.plugins:bootstrap-maven-plugin;scm:svn:http://source.stickycode.net/tags/net.stickycode.plugins/bootstrap-maven-plugin-1.9
net.java.dev.jintention:jin-collections; https://maven-javanet-skin.dev.java.net/source/browse/jin-collection/tags/jin-collections-0.9.1
net.jawr.extensions:jawr-spring-2.0.x-extension;scm:svn:https://svn.java.net/svn/jawr~svn/extensions/spring-2.0.x/tags/jawr-spring-2.0.x-parent-3.5.2/sources
net.java.dev.weblets:weblets;scm:svn:https://weblets.dev.java.net/svn/weblets/tags/1.1.1-BETA-1
net.israfil.foundation:israfil-foundation-dynamic;scm:svn:https://israfil-foundation.googlecode.com/svn/tags/RELEASE/israfil-foundation-dynamic-1.0.2
net.israfil.foundation:israfil-foundation-testing;scm:svn:https://israfil-foundation.googlecode.com/svn/tags/RELEASE/israfil-foundation-testing-1.0.0
net.israfil.foundation:israfil-foundation-concurrent;scm:svn:https://israfil-foundation.googlecode.com/svn/tags/RELEASE/israfil-foundation-concurrent-1.0.0
net.israfil.foundation:israfil-foundation-lifecycle;scm:svn:https://israfil-foundation.googlecode.com/svn/tags/RELEASE/israfil-foundation-lifecycle-1.0.0
net.hasor:neta-parent;git@git.oschina.net:zycgit/neta.git
net.israfil.foundation:israfil-foundation-valuemodel;scm:svn:https://israfil-foundation.googlecode.com/svn/tags/RELEASE/israfil-foundation-valuemodel-1.0.0
net.java.sigtest:sigtestdev;scm:svn:https://java.net/projects/sigtest/sources/svn/show
net.java.dev.footprint:footprint; https://hudson.dev.java.net/svn/footprint/tags/footprint-1.0-rc3 
net.israfil.micro:israfil-micro-container;scm:svn:https://israfil-micro.googlecode.com/svn/tags/RELEASE/israfil-micro-container-1.1
net.israfil.micro:israfil-micro-util;scm:svn:https://israfil-micro.googlecode.com/svn/tags/RELEASE/israfil-micro-util-1.1
net.israfil.foundation:israfil-foundation-collections;scm:svn:https://israfil-foundation.googlecode.com/svn/tags/RELEASE/israfil-foundation-collections-1.0.2
net.israfil.services.mail:israfil-mail-service-parent;scm:svn:https://israfil-mail-service.googlecode.com/svn/tags/RELEASE/israfil-mail-service-parent-0.6
net.israfil.foundation:israfil-foundation-all;scm:svn:https://israfil-foundation.googlecode.com/svn/tags/RELEASE/israfil-foundation-all-4
net.israfil.foundation:israfil-foundation-core;scm:svn:https://israfil-foundation.googlecode.com/svn/tags/RELEASE/israfil-foundation-core-1.0.1
net.java.dev.vcc:vcc-vmware-esx-impl; https://vcc.dev.java.net/source/browse/vcc/tags/vcc-vmware-esx-impl-0.0.3 
net.cnese.framework:springmvc;svn:https://svn.cnese.net:8443/svn/java/Framework/springmvc-core
me.friwi:jogl-all;git://jogamp.org/srv/scm/jogl.git
jboss:mobicents; https://mobicents.dev.java.net/source/browse/mobicents/ 
live.100ms:effects-sdk;SCM is private
it.amattioli:javate;scm:svn:https://javate.svn.sourceforge.net/svnroot/javate/javate-1/tags/javate-1.0.7
it.amattioli:encapsulate;scm:svn:https://javate.svn.sourceforge.net/svnroot/javate/javate-1/tags/javate-1.0.7
it.amattioli:dominate-jcr;scm:svn:https://javate.svn.sourceforge.net/svnroot/javate/javate-1/tags/javate-1.0.7
it.amattioli:dominate;scm:svn:https://javate.svn.sourceforge.net/svnroot/javate/javate-1/tags/javate-1.0.7
it.amattioli:dominate-morphia;scm:svn:https://javate.svn.sourceforge.net/svnroot/javate/javate-1/tags/javate-1.0.7
it.amattioli:authorizate;scm:svn:https://javate.svn.sourceforge.net/svnroot/javate/javate-1/tags/javate-1.0.7
it.amattioli:multimodule;scm:git:git://git.code.sf.net/p/javate/multimodulegit
io.signpath.javaclient:api-client;private
io.github.together.libraries:bundle-hibernate;scm:https://git.elmar-dott.com/scm/repo/TogetherPlatform/TP-CM/
io.github.together.libraries:bundle-spring;scm:https://git.elmar-dott.com/scm/repo/TogetherPlatform/TP-CM/
io.github.together:build-workflow;scm:https://git.elmar-dott.com/scm/repo/TogetherPlatform/TP-CM/
io.github.together.libraries:bundle-jakarta;scm:https://git.elmar-dott.com/scm/repo/TogetherPlatform/TP-CM/
io.github.together.modules:core;scm:git:https://git.elmar-dott.com/scm/repo/TogetherPlatform/TP-CORE/
io.github.together:libraries;scm:https://git.elmar-dott.com/scm/repo/TogetherPlatform/TP-CM/
io.github.mxd888.socket:aio-socket-parent;git:https://gitee.com/mxd_2022/aio-socket.git
io.github.mxd888:t-im;git:https://gitee.com/mxd_2022/t-im.git
io.github.mxd888.socket:aio-socket;git:https://gitee.com/mxd_2022/aio-socket.git
com.github.jiangxincode:cpdetector;git://git.code.sf.net/p/cpdetector/sourcecode cpdetector-sourcecode
io.github.hamzaremmal:jgrade-cs107-processor;scm:git:https://gitlab.epfl.ch/cs107/tools/jgrade-cs107-processor.git
io.github.hamzaremmal:cs107-submission-packager-maven-plugin;scm:git:https://gitlab.epfl.ch/cs107/tools/submission-maven-plugin.git
io.github.bes2008.solution.nacosplugins:nacos-plugins;scm:git:https://gitee.com/coderjn/nacos-plugins.git
io.gitee.ggjjmm:gjm-tool;git:https://gitee.com/ggjjmm/gjm-tool.git
io.gitee.minelx:file-system-hdfs;git:https://gitee.com/MineLX/file-system-hdfs.git
io.gitee.minelx:common-tools;git:https://gitee.com/MineLX/common-tools.git
io.gitee.lshaci:scmsa-ext;git:https://gitee.com/lshaci/scmsa-ext.git
io.gitee.mcolley:swak-archeytpes;git:https://gitee.com/mcolley/swak.git
io.gitee.yjjk_1:android-videocallcore;git@gitee.com:yjjk_1/video-doctor.git
io.gitee.lslyt:spring-boot-starter-im-sdk;git@gitee.com:lslyt/im-server-sdk
io.gitee.luozhaogong:zcode-boot;git:https://gitee.com/luozhaogong/zcode-boot.git
io.gitee.lslyt:im-server-sdk;git@gitee.com:lslyt/im-server-sdk
io.gitee.minelx:file-system;git:https://gitee.com/MineLX/file-system.git
io.bitbucket.supportomateinc.aop:jboss-aop;scm:svn:https://svn.jboss.org/repos/jbossas/projects/aop/tags/jboss-aop-2.2.2.GA
io.bitbucket.supportomateinc.microcontainer:jboss-dependency;scm:svn:https://svn.jboss.org/repos/jbossas/projects/microcontainer/tags/2.2.0.M2/dependency
io.baratine:baratine;git://git.caucho.com/baratine.git
in.clouthink.daas:daas-es6;git://git.coding.net/melthaw/spring-data-simple-es6.git
in.clouthink.daas:daas-es6-api;git://git.coding.net/melthaw/spring-data-simple-es6.git
in.clouthink.daas:daas-fss-mongodb;git://git.coding.net/melthaw/daas-fss.git
in.clouthink.daas:daas-fss-alioss;git://git.coding.net/melthaw/daas-fss.git
in.clouthink.daas:daas-edm;git://git.coding.net/melthaw/daas-edm.git
in.clouthink.daas:daas-sbpm-mongodb;git://git.coding.net/melthaw/daas-sbpm.git
in.clouthink.daas:daas-token;git://git.coding.net/melthaw/Daas-Token.git
in.clouthink.daas:daas-fss-gridfs;git://git.coding.net/melthaw/daas-fss.git
in.clouthink.daas:daas-es;git://git.coding.net/melthaw/spring-data-simple-es.git
in.clouthink.daas:daas-fss-core;git://git.coding.net/melthaw/daas-fss.git
in.clouthink.daas:daas-we;git://git.coding.net/melthaw/daas-we.git
in.clouthink.daas:daas-fss-hwobs;git://git.coding.net/melthaw/daas-fss.git
in.clouthink.daas:daas-bm-mongodb;git://git.coding.net/melthaw/daas-bm.git
in.clouthink.daas:daas-fss-mysql;git://git.coding.net/melthaw/daas-fss.git
in.clouthink.daas:daas-edm-sms;git://git.coding.net/melthaw/daas-edm.git
in.clouthink.daas:daas-fss;git://git.coding.net/melthaw/daas-fss.git
in.clouthink.daas:daas-es-7;git://git.coding.net/melthaw/spring-data-simple-es.git
in.clouthink.daas:daas-es-6;git://git.coding.net/melthaw/spring-data-simple-es.git
in.clouthink.daas:daas-edm-email;git://git.coding.net/melthaw/daas-edm.git
in.clouthink.daas:daas-bm-core;git://git.coding.net/melthaw/daas-bm.git
in.clouthink.daas:daas-bm-push;git://git.coding.net/melthaw/daas-bm.git
in.clouthink.daas:daas-sbpm-core;git://git.coding.net/melthaw/daas-sbpm.git
fr.velossity.osgi:logging.parent;scm:svn:https://osgipatterns.svn.sourceforge.net/svnroot/osgipatterns/services/logging/tags/logging.aggregator-1.0.1/trunk
fr.velossity.osgi:patterns.parent;scm:svn:svn+ssh://saintmar@svn.code.sf.net/p/osgipatterns/code/multi-modules/tags/patterns.aggregator-1.0.14/trunk
fr.natsystem.natjet:natjet-parent;scm:svn:https://ksora.natsystem.fr/gitea/
fr.natsystem.natjet:natjet;scm:svn:https://ksora.natsystem.fr/gitea/
eu.larkc.csparql:csparql-ReadyToGoPack;svn:https://svn.ws.dei.polimi.it/larkc/CSPARQL/tags/1.0/parent-0.1-SNAPSHOT/csparql-ReadyToGoPack
eu.larkc.csparql:csparql-core;svn:https://svn.ws.dei.polimi.it/larkc/CSPARQL/csparql-core/src/tags/1.0/csparql-core/src
eu.larkc.csparql:csparql-ui;svn:https://svn.ws.dei.polimi.it/larkc/CSPARQL/tags/1.0/parent-0.1-SNAPSHOT/csparql-ui
es.klicap.sonar:pdf-report;scm:svn:https://clinker.klicap.es/repos/sonarpdfplugin/tags/pdf-report-1.1
edu.uiuc.ncsa.myproxy:myproxy;scm:svn:https://jeff92@svn.code.sf.net/p/cilogon/code/trunk/edu.uiuc.ncsa/myproxy
dk.eobjects.metamodel:MetaModel; http://eobjects.org/trac/browser/MetaModel/trunk 
dk.eobjects.datacleaner:DataCleaner-gui; http://www.eobjects.dk/trac/browser/datacleaner/DataCleaner-gui/trunk 
de.sciss:mellite-unidoc_2.12;git@git.iem.at:sciss/Mellite-website.git
com.yoyodeer:suyuan; http://git.ngochain.cn/thingschained/sy-java-sdk
com.yuanheng100:weixin-java-parent;git@git.oschina.net:yuanheng100/weixin-java-tools.git
com.xfvape:uid-parent; https://gitee.com/wenhoran/uid-parent
com.xfvape:swagger-spring-boot; https://gitee.com/wenhoran/swagger-spring-boot
com.voodoodyne.unsuck:unsuck;scm:git:https://code.google.com/p/unsuck/
com.rosaloves:bitlyj;scm:svn:https://bitlyj.googlecode.com/svn/tags/bitlyj-2.0.0
com.twitter:libthrift; https://git-wip-us.apache.org/repos/asf?p=thrift.git 
com.tmsps.util:desutil;git://git.coding.net/Mr72/DesUtil.git
com.truchsess:jsfcompounds; https://jsfcompounds.dev.java.net/source/browse/jsfcompounds/ 
com.thingschained:suyuan; http://git.ngochain.cn/thingschained/sy-java-sdk
com.thingschained:sy-java-sdk; http://git.ngochain.cn/thingschained/sy-java-sdk
com.superacme.mvnrepository:microbt-open-sdk;scm:git:http://not.for.public/private.git
com.seitenbau.testing:sb-junitrecorder-exampleusage; http://junitrecorder.svn.sourceforge.net/viewvc/sb-junitrecorder-exmapleusage/trunk 
com.seitenbau.testing:sb-junitrecorder-flatmaster; http://junitrecorder.svn.sourceforge.net/viewvc/junitrecorder/tags/sb-junitrecorder-flatmaster-1.0.0 
com.rest4j:rest4j-core; https://code.google.com/p/rest4j/ 
com.rest4j:rest4j-generator; https://code.google.com/p/rest4j/generator/ 
com.rest4j:rest4j; https://code.google.com/p/rest4j/ 
com.projectdarkstar.server:sgs-server-parent; https://sgs-server.dev.java.net/source/browse/sgs-server/trunk 
com.polonium-framework:polonium-webdriver;scm:git:https://Marek.Serwanski70@code.google.com/p/polonium-webdriver/
com.phloc.maven:dirindex-maven-plugin;scm:svn:https://phloc-commons.googlecode.com/svn/tags/dirindex-maven-plugin-1.0.5
com.phloc:isorelax;scm:svn:https://phloc-schematron.googlecode.com/svn/tags/isorelax-1.1
com.phloc.maven:csscompress-maven-plugin;scm:svn:https://phloc-css.googlecode.com/svn/tags/csscompress-maven-plugin-1.2.2
com.phloc.maven:schematron2xslt-maven-plugin;scm:svn:https://phloc-schematron.googlecode.com/svn/tags/schematron2xslt-maven-plugin-2.7.0
com.phloc.maven:phlocjavacc-maven-plugin;scm:svn:https://phloc-css.googlecode.com/svn/tags/phlocjavacc-maven-plugin-2.7.6
com.phloc.maven:closure-maven-plugin;scm:svn:https://phloc-webbasics.googlecode.com/svn/tags/closure-maven-plugin-1.0.10
com.oracle.apm.agent.java:apm-java-agent-system;scm:git:https://localhost
com.oracle.apm.agent.java:apm-java-agent-main;scm:git:https://localhost
com.nhncorp.ntaf:ntaf;scm:svn:https://dev.naver.com/svn/ntaf/ntaf-20100327-p2
com.msecsys:msecsdk;scm:svn:https://msecsys.com/repo/msec/sdk
com.melloware:jspiff;scm:svn:https://dev.ksmpartners.com/svn/melloware/jspiff/trunk
com.m31skytech:ElasticTimer; https://gitee.com/SalienceM/ElasticTimer
com.mailintegrate:minte-java;scm:git:https://git.mailintegrate.com
com.jpattern:jpattern-rest;scm:svn:https://jpattern.googlecode.com/svn/tags/releases/jpattern-rest-0.5.2
com.jpattern:jporm-parent;scm:svn:https://jpattern.googlecode.com/svn/tags/releases/jporm-parent-5.3.0
com.jpattern:jpattern-parent;scm:svn:https://jpattern.googlecode.com/svn/tags/releases/jpattern-parent-1.2.0
com.jpattern:jpattern-gwt;scm:svn:https://jpattern.googlecode.com/svn/tags/releases/jpattern-gwt-2.45.7
com.jpattern:jpattern-logger;scm:svn:https://jpattern.googlecode.com/svn/tags/releases/jpattern-logger-3.6.0
com.jpattern:jpattern-cojen;scm:svn:https://jpattern.googlecode.com/svn/tags/releases/jpattern-cojen-2.2.2.2
com.jpattern:jpattern-orm;scm:svn:https://jpattern.googlecode.com/svn/tags/releases/jpattern-orm-1.9.1
com.jpattern:job-pool;scm:svn:https://jpattern.googlecode.com/svn/tags/releases/job-pool-2.1.0
com.jpattern:jpattern-shared;scm:svn:https://jpattern.googlecode.com/svn/tags/releases/jpattern-shared-3.5.2
com.jpattern:jpattern-core;scm:svn:https://jpattern.googlecode.com/svn/tags/releases/jpattern-core-3.6.2
com.jpattern:jpattern-jobexecutor;scm:svn:https://jpattern.googlecode.com/svn/tags/releases/jpattern-jobexecutor-1.2.1
com.jpattern:jpattern-ioc;scm:svn:https://jpattern.googlecode.com/svn/tags/releases/jpattern-ioc-2.7.1
com.jpattern:jpattern-cache;scm:svn:https://jpattern.googlecode.com/svn/tags/releases/jpattern-cache-1.0.0
com.ibm.mfp:mfp-java-token-validator; https://hub.jazz.net/project/imflocalsdk/mfp-sources 
com.ibm.mfp:mfp-security-checks-base; https://hub.jazz.net/project/imflocalsdk/mfp-sources 
com.houkunlin.easypoi:easypoi-web;git://gitee.com/houkunlin-fork/easypoi.git
com.houkunlin.easypoi:easypoi-spring-boot-starter;git://gitee.com/houkunlin-fork/easypoi.git
com.houkunlin.easypoi:easypoi-wps;git://gitee.com/houkunlin-fork/easypoi.git
com.heaboy:databind;scm:git:https://gitee.com/heaboy-boy/databind
com.groupdocs:groupdocs-viewer;git@groupdocs.com/viewer
com.googlecode.data-object-generator:data-object-generator;scm:svn:https://data-object-generator.googlecode.com/svn/tags/data-object-generator-1.0.40
com.googlecode.server-test-toolkit:server-test-toolkit;scm:svn:http://server-test-toolkit.googlecode.com/svn/trunk/
com.googlecode.cassandra-jca:cassandra-jca-parent;scm:git:https://code.google.com/p/cassandra-jca/
com.googlecode.jxquery:jxquery;scm:svn:http://jxquery.googlecode.com/svn/trunk/jxQuery/
com.googlecode.cedar-common:mvp4g;scm:svn:http://mvp4g.googlecode.com/svn
com.googlecode.web-commons:web-common-protocol;scm:svn:https://web-commons.googlecode.com/svn/tags/web-common-protocol/1.0.3
com.googlecode.objectify:objectify-gwt;scm:git:https://code.google.com/p/objectify-gwt/
com.google.code.simplestuff:simplestuff;scm:svn:http://simplestuff.googlecode.com/svn/tags/simplestuff-0.9
com.googlecode.cedar-common:objectify;scm:https://code.google.com/p/cedar-common.dependencies/
com.googlecode.jpattern:jpattern-gwt;scm:svn:https://jpattern.googlecode.com/svn/tags/releases/jpattern-gwt-2.10.0
com.googlecode.cedar-common:cedar-build;scm:hg:https://code.google.com/p/cedar-common.build/
com.googlecode.web-commons:web-common-dao;scm:svn:https://web-commons.googlecode.com/svn/tags/web-common-dao/1.0.1
com.googlecode.jpattern:jpattern-shared;scm:svn:https://jpattern.googlecode.com/svn/tags/releases/jpattern-shared-1.3.0
com.googlecode.cassandra-jca:cassandra-jca-api;scm:git:https://code.google.com/p/cassandra-jca/
com.googlecode.testcase-annotation:testcase-annotation;scm:svn:http://testcase-annotation.googlecode.com/svn/trunk/
com.googlecode.cassandra-jca:cassandra-jca-impl;scm:git:https://code.google.com/p/cassandra-jca/
com.googlecode.s2rome:struts2-rome-plugin;scm:svn:http://s2-rome.googlecode.com/svn/trunk/
com.googlecode.usc:table-data-copier;scm:svn:https://table-data-copier.googlecode.com/svn/tags/table-data-copier-0.4
com.googlecode.i18n-maven-plugin:i18n-annotations;scm:svn:https://i18n-maven-plugin.googlecode.com/svn/tags/i18n-annotations/1.0.0
com.googlecode.funcito:funcito;scm:git:https://code.google.com/p/funcito/
com.googlecode.cedar-common:gwt-sl;scm:https://code.google.com/p/cedar-common.dependencies/
com.googlecode.pojosr:de.kalpatec.pojosr.framework.bare;scm:svn:https://pojosr.googlecode.com/svn/tags/de.kalpatec.pojosr.framework.bare-0.2.1
com.googlecode.usc:folder-compression-parent;scm:svn:https://folder-compression.googlecode.com/svn/tags/folder-compression-0.1.3
com.googlecode.web-commons:web-common-parent;scm:svn:https://web-commons.googlecode.com/svn/tags/web-common-parent/1.0.0
com.google.uzaygezen:uzaygezen; https://uzaygezen.googlecode.com/svn/tags/uzaygezen-0.2 
com.googlecode.jpattern:jpattern-logger;scm:svn:https://jpattern.googlecode.com/svn/tags/releases/jpattern-logger-1.0.0
com.googlecode.jpattern:jpattern-rest;scm:svn:https://jpattern.googlecode.com/svn/tags/releases/jpattern-rest-0.4.0
com.googlecode.web-commons:web-common-client;scm:svn:https://web-commons.googlecode.com/svn/tags/web-common-client/1.0.5
com.googlecode.jdatatables:jdatatables;scm:svn:http://jdatatables.googlecode.com/svn/tags/0.0.1
com.googlecode.cassandra-jca:cassandra-jca-rar;scm:git:https://code.google.com/p/cassandra-jca/
com.googlecode.jpattern:jpattern-cojen;scm:svn:https://jpattern.googlecode.com/svn/tags/releases/jpattern-cojen-2.2.1
com.googlecode.horkizein:horkizein-project;git@http://code.google.com/p/horkizein/source/browse
com.googlecode.cedar-common:cpsuite;scm:https://code.google.com/p/cedar-common.dependencies/
com.googlecode.jpattern:jpattern-jobexecutor;scm:svn:https://jpattern.googlecode.com/svn/tags/releases/jpattern-jobexecutor-1.1.0
com.googlecode.jpattern:jpattern-ioc;scm:svn:https://jpattern.googlecode.com/svn/tags/releases/jpattern-ioc-2.6.1
com.googlecode.guice-junit4:guice-junit4-parent;scm:svn:https://guice-junit4.googlecode.com/svn/tags/guice-junit4-parent-0.2
com.googlecode.i18n-maven-plugin:i18n-parent;scm:svn:https://i18n-maven-plugin.googlecode.com/svn/tags/i18n-parent/1.0.0
com.googlecode.web-commons:web-common-service;scm:svn:https://web-commons.googlecode.com/svn/tags/web-common-service/1.0.3
com.google.code.gwtsecurity:gwtsecurity;scm:svn:https://gwtsecurity.googlecode.com/svn/svn/tags/gwtsecurity-1.3.3
com.googlecode.jpattern:jpattern-core;scm:svn:https://jpattern.googlecode.com/svn/tags/releases/jpattern-core-2.9.0
com.googlecode.i18n-maven-plugin:i18n-maven-plugin;scm:svn:https://i18n-maven-plugin.googlecode.com/svn/tags/i18n-maven-plugin/1.0.0
com.googlecode.juffrou:juffrou;scm:svn:https://juffrou.googlecode.com/svn/tags/juffrou-1.0.2
com.googlecode.jpattern:jpattern-orm;scm:svn:https://jpattern.googlecode.com/svn/tags/releases/jpattern-orm-1.4.0
com.googlecode.websphere-portal-plugin:websphere-portal-plugin;scm:svn:https://websphere-portal-plugin.googlecode.com/svn/trunk/websphere-portal-plugin/
com.gitee.zhibi:zhibi-fast-parent;git:https://gitee.com/zhibi/zhibi-fast.git
com.gitee.xinjump:xinjump-easyjson;git:https://gitee.com/xinjump/xinjump-easyjson.git
com.gitee.zhan5:starter2;scm:https://gitee.com/zhan5/starter2.git
com.gitee.phaeris:astrub;git:https://gitee.com/phaeris/astrub
com.gitee.wangzhang:easysql;git:https://gitee.com/wangzhang/easysql.git
com.gitee.grassprogramming:fastorm;git@https://gitee.com/grassprogramming/FastORM_Java.git
com.gitee.AlbertZyc:lib_core;'https://gitee.com/AlbertZyc/za_android_lib/tree/dev-zyc'
com.gitee.strongfu:maven-test;gitee.com/strongfu/maven-test/tree/master/
com.gitee.zhan5:starter;scm:https://gitee.com/zhan5/starter.git
com.fortanix:sdkms-jce-provider;scm:https://support.fortanix.com
com.fortanix:sdkms-jce-provider-dsma;scm:https://support.fortanix.com
com.fortanix:sdkms-jce-provider-jdk11;scm:https://support.fortanix.com
com.fortanix:sdkms-jce-provider-dsma-jdk11;scm:https://support.fortanix.com
com.fnicollet:datafilter; http://flex-datafilterlib.googlecode.com/svn/tags/datafilter-1.1
com.fishbyby:sharkchili-lib;>https://47.99.220.192:17214/home/git/repository/java/sharkchili/sharkchili-lib
com.fishbyby.sharkchili:sharkchili-lib;>https://47.99.220.192:17214/home/git/repository/java/sharkchili/sharkchili-lib
com.day.commons:day-commons-did;scm:svn:http://svn.day.com/repos/commons/tags/day-commons-did-1.1.0
com.day.commons.osgi.wrapper:com.day.commons.osgi.wrapper.commons-lang2;scm:svn:http://svn.day.com/repos/commons/tags/com.day.commons.osgi.wrapper.commons-lang2-2.5-0001
com.coroptis.cubiculus:cubiculus-interface;scm:svn:http://svn.code.sf.net/p/cubiculus/code/interface/tags/1.0.0
com.coroptis:base-pom;scm:svn:http://svn.code.sf.net/p/cubiculus/code/base-pom/tags/1.0.0
com.cleverpine:cp-translations-lib;dev.azure.com:v3/cleverpine/CP%20Translations%20Service/ts-be-library
com.ca.apim:mas-foundation;'https://www.ca.com/us/developers/mas.html'
com.ca.apim:masui;'https://www.ca.com/us/developers/mas.html'
com.ca.apim:mas-storage;'https://www.ca.com/us/developers/mas.html'
com.ca.apim:mas;'https://www.ca.com/us/developers/mas.html'
com.ca.apim:mas-connecta;'https://www.ca.com/us/developers/mas.html'
com.cebpubservice.remotebidevaluation:cebpubservice-java-sdk-core;>https://bulletin.cebpubservice.com
com.bradrydzewski:gwt-cal; http://gwt-cal.googlecode.com/svn/trunk 
com.atlassian.pom:atlassian-base-pom;scm:svn:https://svn.atlassian.com/svn/public/atlassian/pom/atlassian-base-pom/tags/atlassian-base-pom-20
com.anrisoftware.propertiesutils:propertiesutils-contextproperties;${project.custom.scm.url}
com.anrisoftware.resources:resources-st;${project.custom.scm.url}
com.anrisoftware.resources:resources-images;${project.custom.scm.url}
com.anrisoftware.resources:resources-binary;${project.custom.scm.url}
com.anrisoftware.resources:resources-texts-tests;${project.custom.scm.url}
com.anrisoftware.resources:resources-templates;${project.custom.scm.url}
com.anrisoftware.resources:resources-texts;${project.custom.scm.url}
com.anrisoftware.resources:resources-api;${project.custom.scm.url}
com.aliyun.mns:java-messaging-lib;git@gitlab.alibaba-inc.com:messaging/mns_java_sdk_jms.git
com.almworks.jira.structure:structure-project-pom;scm:svn:http://svn/h4j/trunk/structure
com.101zj:open;git:https://codeup.aliyun.com/6017c1e7b4f3e0ef1adb5cf3/cg-open-sdk.git
cn.thearies:water; https://gitee.com/thearies/sugarcane
cn.venny:qiniu-spring-boot-starter;git@gitee.com:vick-chow/qiniu-spring-boot-starter
cn.thearies:sugar; https://gitee.com/thearies/sugarcane
cn.starboot.socket:aio-socket-parent;git:https://gitee.com/starboot/aio-socket
cn.tpshion:go-task-spring-boot-starter;Customize Toolbar…
cn.hiapi:hiapi-socket-client-jdk;scm:git:https://gitee.com/adinz/hiapi-fast-frame.git
cn.com.joycode:nimble-starter-parent;scm:git:https://gitee.com/joy-code/nimble-starter-parent.git
cn.acyou:leo-framework;git:https://gitee.com/f981545521/leo-framework.git
cn.com.mooho:base;scm:https://gitee.com/lizzwnn/base
ch.hortis.sonar:sonar-application;scm:svn:http://tools.assembla.com/svn/sonar/tags/1.0.1/sonar-application
ch.hortis.sonar:sonar-db-embedder;scm:svn:http://tools.assembla.com/svn/sonar/tags/1.0.1/sonar-db-embedder
ch.semafor:gendas;scm:svn:https://svn.semafor.ch/gendas/tags/gendas-1.1
ch.hortis.sonar:sonar-commons;scm:svn:http://tools.assembla.com/svn/sonar/tags/1.0.1/sonar-commons
ch.hortis.sonar:sonar-web;scm:svn:http://tools.assembla.com/svn/sonar/tags/1.0.1/sonar-web
ch.hortis.sonar:db-maven-plugin;scm:svn:http://tools.assembla.com/svn/sonar/tags/1.0.1/db-maven-plugin
ch.hortis.sonar:sonar-core;scm:svn:http://tools.assembla.com/svn/sonar/tags/1.0.1/sonar-core
ch.hortis.sonar:sonar-maven-plugin;scm:svn:http://tools.assembla.com/svn/sonar/tags/1.0.1/sonar-maven-plugin
ch.poweredge.ntlmv2-auth:ntlmv2-auth-root;git://git.code.sf.net/p/ntlmv2auth/code
cc.autoapi.pucong:liteflow-design;git@https://gitee.com/pucong/lite-flow-design.git
cc.autoapi.pucong:auto-flow-parent;git@https://gitee.com/pucong/auto-api-spring-boot-start.git
cc.zstart:zstart-utils;git:https://gitee.com/aman/zstart-utils.git
center.wxp:log-spring-boot-starter;git@https://gitee.com/wxpcode123/log-spring-boot-starter.git
top.openadexchange:top.openadexchange.ruoyi;scm:git:https://code.helxpay.com/HexUnion/ruoyi-admin-mini.git
io.github.qhsword.nacosplugins:nacos-plugins;scm:git:https://gitee.com/coderjn/nacos-plugins.git
